seas_id,season,player_id,player,birth_year,pos,age,experience,lg,tm,g,gs,mp_per_game,fg_per_game,fga_per_game,fg_percent,x3p_per_game,x3pa_per_game,x3p_percent,x2p_per_game,x2pa_per_game,x2p_percent,e_fg_percent,ft_per_game,fta_per_game,ft_percent,orb_per_game,drb_per_game,trb_per_game,ast_per_game,stl_per_game,blk_per_game,tov_per_game,pf_per_game,pts_per_game
31871.0,2025,5025.0,A.J. Green,,SG,25.0,3.0,NBA,MIL,66,6.0,22.7,2.5,5.9,0.423,2.1,5.0,0.414,0.4,0.8,0.473,0.601,0.3,0.4,0.833,0.2,2.0,2.3,1.5,0.5,0.1,0.6,2.2,7.4
31872.0,2025,5026.0,A.J. Lawson,,SG,24.0,3.0,NBA,TOR,19,2.0,17.3,2.7,7.1,0.381,1.3,4.0,0.316,1.4,3.1,0.466,0.47,1.2,1.8,0.647,0.7,2.3,3.0,0.8,0.3,0.2,0.4,1.5,7.8
31873.0,2025,5210.0,AJ Johnson,,SG,20.0,1.0,NBA,TOT,22,5.0,18.0,2.4,5.8,0.406,0.7,2.5,0.291,1.6,3.3,0.493,0.469,1.0,1.1,0.84,0.3,1.7,2.0,2.4,0.4,0.1,1.0,0.9,6.4
31875.0,2025,5210.0,AJ Johnson,,SG,20.0,1.0,NBA,WAS,15,5.0,23.5,2.9,7.3,0.404,0.9,3.3,0.26,2.1,3.9,0.525,0.463,1.3,1.5,0.87,0.5,2.0,2.5,3.0,0.5,0.1,1.3,1.3,8.1
31876.0,2025,4219.0,Aaron Gordon,,PF,29.0,11.0,NBA,DEN,45,36.0,27.3,4.9,9.3,0.528,1.5,3.2,0.459,3.4,6.0,0.565,0.608,2.6,3.3,0.799,1.5,3.3,4.9,3.1,0.4,0.2,1.4,1.6,13.9
31877.0,2025,4582.0,Aaron Holiday,,PG,28.0,7.0,NBA,HOU,56,3.0,12.8,1.8,4.2,0.432,1.1,2.8,0.386,0.7,1.4,0.526,0.561,0.6,0.7,0.825,0.2,1.0,1.3,1.3,0.3,0.2,0.6,1.0,5.3
31878.0,2025,4805.0,Aaron Nesmith,,SF,25.0,5.0,NBA,IND,39,31.0,25.0,4.2,8.3,0.505,1.8,4.3,0.423,2.4,4.0,0.594,0.615,1.5,1.7,0.923,0.7,3.1,3.8,1.3,0.7,0.4,0.9,2.6,11.7
31879.0,2025,4900.0,Aaron Wiggins,,SG,26.0,4.0,NBA,OKC,70,23.0,22.7,4.6,9.3,0.491,1.7,4.4,0.39,2.9,4.9,0.581,0.583,0.8,1.0,0.826,1.1,2.7,3.8,1.7,0.8,0.3,0.8,1.3,11.7
31882.0,2025,5211.0,Adem Bona,,C,21.0,1.0,NBA,PHI,51,4.0,13.4,1.8,2.5,0.692,0.0,0.0,,1.8,2.5,0.692,0.692,1.0,1.4,0.7,1.4,2.3,3.6,0.4,0.4,1.0,0.8,2.0,4.5
31883.0,2025,5212.0,Ajay Mitchell,,SG,22.0,1.0,NBA,OKC,34,1.0,16.5,2.5,4.9,0.506,0.6,1.5,0.431,1.8,3.4,0.539,0.572,0.8,1.0,0.848,0.5,1.5,2.0,1.7,0.7,0.1,0.8,1.7,6.4
31884.0,2025,3734.0,Al Horford,,C,38.0,18.0,NBA,BOS,57,40.0,27.7,3.2,7.6,0.422,1.9,5.2,0.36,1.3,2.4,0.555,0.545,0.6,0.7,0.895,1.3,4.7,6.1,2.1,0.6,0.9,0.8,1.4,8.9
31885.0,2025,3982.0,Alec Burks,,SG,33.0,14.0,NBA,MIA,43,8.0,17.2,2.1,5.1,0.418,1.7,3.9,0.426,0.5,1.2,0.392,0.582,0.8,1.0,0.756,0.3,2.2,2.5,1.1,0.6,0.2,0.5,0.7,6.7
31886.0,2025,4465.0,Alex Caruso,,SG,30.0,8.0,NBA,OKC,50,2.0,19.2,2.5,5.7,0.447,1.1,3.2,0.354,1.4,2.5,0.563,0.546,0.7,0.9,0.814,0.7,2.2,2.9,2.6,1.6,0.6,0.7,1.8,6.9
31890.0,2025,4142.0,Alex Len,,C,31.0,12.0,NBA,LAL,9,3.0,12.1,0.9,2.0,0.444,0.1,0.2,0.5,0.8,1.8,0.438,0.472,0.1,0.4,0.25,1.4,1.8,3.2,0.8,0.1,0.2,0.7,1.7,2.0
31891.0,2025,5214.0,Alex Reese,,PF,25.0,1.0,NBA,TOT,12,0.0,15.3,1.8,3.7,0.477,0.9,2.7,0.344,0.8,1.0,0.833,0.602,0.5,0.7,0.75,0.7,2.6,3.3,0.3,0.8,0.7,0.4,1.4,4.9
31893.0,2025,5214.0,Alex Reese,,PF,25.0,1.0,NBA,PHI,11,0.0,16.5,1.8,3.9,0.465,1.0,2.9,0.344,0.8,1.0,0.818,0.593,0.5,0.7,0.75,0.6,2.8,3.5,0.3,0.8,0.7,0.5,1.5,5.2
31894.0,2025,5215.0,Alex Sarr,,C,19.0,1.0,NBA,WAS,60,60.0,27.1,4.8,12.2,0.395,1.6,5.1,0.318,3.2,7.2,0.45,0.461,1.7,2.6,0.662,2.0,4.6,6.6,2.3,0.7,1.6,1.6,2.2,13.0
31896.0,2025,4904.0,Alperen Şengün,,C,22.0,4.0,NBA,HOU,72,72.0,31.6,7.4,15.0,0.497,0.3,1.2,0.236,7.2,13.8,0.52,0.506,3.9,5.6,0.694,3.4,7.0,10.4,4.9,1.1,0.8,2.6,2.8,19.1
31897.0,2025,5113.0,Amen Thompson,,SF,22.0,2.0,NBA,HOU,65,38.0,32.4,5.6,10.1,0.554,0.4,1.3,0.267,5.3,8.8,0.597,0.571,2.5,3.7,0.682,2.8,5.5,8.3,3.7,1.4,1.3,2.0,2.4,14.1
31898.0,2025,4690.0,Amir Coffey,,SG,27.0,6.0,NBA,LAC,71,13.0,24.6,3.4,7.2,0.471,1.4,3.5,0.409,2.0,3.7,0.529,0.57,1.6,1.8,0.891,0.5,1.8,2.3,1.1,0.6,0.1,0.6,1.7,9.8
31899.0,2025,4064.0,Andre Drummond,,C,31.0,13.0,NBA,PHI,40,23.0,18.8,2.9,5.9,0.5,0.1,0.5,0.15,2.9,5.4,0.533,0.506,1.4,2.3,0.622,2.7,5.0,7.8,0.9,1.0,0.5,1.4,2.4,7.3
31900.0,2025,5114.0,Andre Jackson Jr.,,SG,23.0,2.0,NBA,MIL,62,43.0,14.9,1.4,3.0,0.465,0.5,1.2,0.387,0.9,1.8,0.518,0.543,0.2,0.4,0.545,1.0,1.8,2.8,1.3,0.5,0.2,0.9,1.8,3.5
31901.0,2025,5029.0,Andrew Nembhard,,SG,25.0,3.0,NBA,IND,59,59.0,29.1,3.8,8.3,0.466,0.8,2.7,0.312,3.0,5.6,0.539,0.516,1.7,2.2,0.791,0.5,2.8,3.3,5.1,1.2,0.2,1.8,2.3,10.3
31902.0,2025,4223.0,Andrew Wiggins,,SF,29.0,11.0,NBA,TOT,58,58.0,30.9,6.3,14.1,0.45,2.2,5.8,0.376,4.1,8.2,0.502,0.528,3.3,4.3,0.772,1.4,3.0,4.4,2.6,1.0,0.8,1.7,1.7,18.2
31903.0,2025,4223.0,Andrew Wiggins,,SF,29.0,11.0,NBA,GSW,43,43.0,30.1,6.1,13.7,0.444,2.2,5.8,0.379,3.9,7.9,0.491,0.524,3.2,4.2,0.777,1.5,3.0,4.6,2.4,0.9,0.8,1.3,1.6,17.6
31904.0,2025,4223.0,Andrew Wiggins,,SF,29.0,11.0,NBA,MIA,15,15.0,33.0,7.1,15.2,0.465,2.2,6.0,0.367,4.9,9.2,0.529,0.537,3.6,4.7,0.761,1.2,2.9,4.1,3.2,1.1,1.1,2.7,1.9,19.9
31905.0,2025,4586.0,Anfernee Simons,,SG,25.0,7.0,NBA,POR,70,70.0,32.7,6.8,16.1,0.426,3.1,8.5,0.363,3.8,7.6,0.496,0.521,2.5,2.8,0.902,0.4,2.3,2.7,4.8,0.9,0.1,2.0,1.7,19.3
31906.0,2025,5116.0,Anthony Black,,PG,21.0,2.0,NBA,ORL,72,9.0,23.9,3.3,7.7,0.424,0.8,2.5,0.316,2.5,5.3,0.475,0.475,2.0,2.6,0.761,0.6,2.2,2.8,3.1,1.0,0.6,1.8,2.1,9.3
31907.0,2025,4066.0,Anthony Davis,,PF,31.0,13.0,NBA,TOT,47,47.0,33.7,9.2,17.8,0.517,0.7,2.3,0.287,8.6,15.5,0.551,0.536,5.7,7.3,0.774,2.7,8.9,11.5,3.5,1.2,2.1,2.1,1.9,24.8
31908.0,2025,4066.0,Anthony Davis,,C,31.0,13.0,NBA,LAL,42,42.0,34.3,9.5,18.0,0.528,0.7,2.2,0.298,8.9,15.8,0.56,0.546,6.0,7.6,0.788,2.8,9.0,11.9,3.4,1.3,2.1,2.2,2.0,25.7
31909.0,2025,4066.0,Anthony Davis,,PF,31.0,13.0,NBA,DAL,5,5.0,29.0,6.6,15.8,0.418,0.6,2.8,0.214,6.0,13.0,0.462,0.437,2.8,4.8,0.583,1.2,7.4,8.6,4.4,0.6,1.4,0.8,1.6,16.6
31910.0,2025,4808.0,Anthony Edwards,,SG,23.0,5.0,NBA,MIN,72,72.0,36.2,9.0,20.3,0.441,4.0,10.1,0.395,5.0,10.2,0.486,0.539,5.3,6.3,0.839,0.8,4.9,5.7,4.6,1.1,0.6,3.2,1.8,27.2
31913.0,2025,5217.0,Antonio Reeves,,SG,24.0,1.0,NBA,NOP,37,1.0,11.5,1.9,4.1,0.464,0.9,2.2,0.427,1.0,1.9,0.507,0.578,0.3,0.4,0.8,0.4,0.8,1.2,0.7,0.4,0.1,0.6,0.6,5.1
31916.0,2025,5117.0,Ausar Thompson,,SF,22.0,2.0,NBA,DET,53,42.0,21.8,4.1,7.6,0.541,0.2,0.8,0.227,3.9,6.7,0.58,0.554,1.4,2.3,0.615,1.9,3.1,4.9,2.2,1.7,0.6,1.4,2.8,9.8
31917.0,2025,4906.0,Austin Reaves,,SG,26.0,4.0,NBA,LAL,67,67.0,34.8,6.5,14.2,0.455,2.6,7.2,0.36,3.9,7.0,0.551,0.546,4.4,5.0,0.884,0.8,3.7,4.5,5.9,1.1,0.3,2.4,2.0,19.9
31918.0,2025,4907.0,Ayo Dosunmu,,SG,25.0,4.0,NBA,CHI,46,26.0,30.3,4.8,9.8,0.492,1.3,4.1,0.328,3.5,5.7,0.612,0.561,1.3,1.7,0.785,0.6,2.9,3.5,4.5,0.9,0.4,1.5,2.3,12.3
31919.0,2025,4472.0,Bam Adebayo,,C,27.0,8.0,NBA,MIA,73,73.0,34.4,6.8,14.0,0.485,0.9,2.7,0.333,5.9,11.3,0.522,0.518,3.2,4.2,0.761,2.4,7.3,9.7,4.3,1.3,0.7,2.1,2.1,17.7
31920.0,2025,5220.0,Baylor Scheierman,,SG,24.0,1.0,NBA,BOS,25,0.0,10.5,1.0,2.7,0.373,0.8,2.1,0.358,0.2,0.6,0.429,0.515,0.2,0.3,0.75,0.4,1.2,1.7,1.0,0.4,0.1,0.2,0.6,3.0
31921.0,2025,5118.0,Ben Sheppard,,SG,23.0,2.0,NBA,IND,61,9.0,19.6,1.9,4.6,0.417,1.1,3.2,0.338,0.9,1.4,0.591,0.534,0.4,0.4,0.889,0.7,2.1,2.8,1.3,0.6,0.2,0.4,2.0,5.3
31922.0,2025,4474.0,Ben Simmons,,PG,28.0,7.0,NBA,TOT,46,24.0,23.0,2.5,4.7,0.528,0.0,0.0,,2.5,4.7,0.528,0.528,0.5,0.7,0.727,0.9,4.1,5.0,6.0,0.8,0.5,2.1,2.2,5.5
31923.0,2025,4474.0,Ben Simmons,,PG,28.0,7.0,NBA,BRK,33,24.0,25.0,2.8,5.2,0.547,0.0,0.0,,2.8,5.2,0.547,0.547,0.5,0.8,0.692,0.9,4.3,5.2,6.9,0.8,0.5,2.7,2.5,6.2
31924.0,2025,4474.0,Ben Simmons,,PG,28.0,7.0,NBA,LAC,13,0.0,17.8,1.7,3.7,0.458,0.0,0.0,,1.7,3.7,0.458,0.458,0.5,0.5,0.857,1.0,3.5,4.5,3.5,0.9,0.5,0.7,1.4,3.8
31925.0,2025,5030.0,Bennedict Mathurin,,SF,22.0,3.0,NBA,IND,67,48.0,30.1,5.5,11.9,0.466,1.4,4.0,0.352,4.1,7.9,0.525,0.526,3.7,4.4,0.839,1.2,4.2,5.4,1.9,0.6,0.4,1.9,2.3,16.1
31926.0,2025,5119.0,Bilal Coulibaly,,SF,20.0,2.0,NBA,WAS,59,59.0,33.0,4.5,10.6,0.421,1.1,3.8,0.281,3.4,6.8,0.5,0.472,2.3,3.1,0.746,1.5,3.4,5.0,3.4,1.3,0.7,2.1,2.4,12.3
31927.0,2025,3984.0,Bismack Biyombo,,C,32.0,14.0,NBA,SAS,20,18.0,17.9,2.4,3.6,0.653,0.0,0.0,,2.4,3.6,0.653,0.653,0.5,1.0,0.474,1.6,3.7,5.2,1.3,0.7,0.8,0.9,1.8,5.2
31928.0,2025,5031.0,Blake Wesley,,SG,21.0,3.0,NBA,SAS,50,0.0,10.5,1.3,2.9,0.448,0.3,0.9,0.304,1.0,1.9,0.515,0.497,0.5,0.9,0.614,0.3,0.6,0.9,1.8,0.6,0.1,0.9,0.7,3.4
31929.0,2025,4307.0,Bobby Portis,,PF,29.0,10.0,NBA,MIL,46,7.0,25.2,5.6,12.1,0.463,1.3,3.6,0.364,4.3,8.5,0.505,0.517,1.2,1.5,0.821,1.8,6.5,8.3,2.2,0.7,0.5,1.2,1.9,13.7
31931.0,2025,4475.0,Bogdan Bogdanović,,SG,32.0,8.0,NBA,TOT,47,4.0,25.3,3.9,9.3,0.418,1.9,5.5,0.342,2.0,3.8,0.528,0.519,1.1,1.2,0.879,0.4,2.6,3.0,2.7,0.8,0.2,1.5,2.3,10.8
31932.0,2025,4475.0,Bogdan Bogdanović,,SG,32.0,8.0,NBA,ATL,24,0.0,24.9,3.5,9.3,0.371,1.8,6.1,0.301,1.6,3.3,0.5,0.469,1.3,1.4,0.882,0.5,2.3,2.8,2.0,0.8,0.3,1.5,2.4,10.0
31933.0,2025,4475.0,Bogdan Bogdanović,,SG,32.0,8.0,NBA,LAC,23,4.0,25.6,4.3,9.3,0.467,2.0,5.0,0.395,2.4,4.3,0.55,0.572,0.9,1.0,0.875,0.3,3.0,3.3,3.3,0.7,0.2,1.4,2.2,11.6
31934.0,2025,4692.0,Bol Bol,,PF,25.0,6.0,NBA,PHO,34,10.0,13.0,2.8,5.4,0.525,0.9,2.7,0.344,1.9,2.6,0.711,0.612,0.6,0.8,0.769,0.6,2.5,3.0,0.6,0.3,0.7,0.6,0.6,7.2
31935.0,2025,4908.0,Bones Hyland,,PG,24.0,4.0,NBA,TOT,23,0.0,10.3,2.0,5.1,0.398,1.4,3.6,0.39,0.7,1.6,0.417,0.534,1.0,1.1,0.885,0.2,0.8,1.0,1.4,0.8,0.2,1.1,1.3,6.5
31936.0,2025,4908.0,Bones Hyland,,PG,24.0,4.0,NBA,LAC,20,0.0,11.1,2.3,5.8,0.391,1.6,4.0,0.388,0.7,1.8,0.4,0.526,1.2,1.3,0.885,0.3,1.0,1.2,1.4,0.9,0.2,1.2,1.3,7.2
31938.0,2025,4072.0,Bradley Beal,,SG,31.0,13.0,NBA,PHO,48,33.0,32.2,6.6,13.1,0.505,1.9,4.9,0.395,4.7,8.3,0.569,0.578,2.2,2.7,0.813,0.7,2.7,3.4,3.6,1.0,0.5,1.9,2.6,17.3
31940.0,2025,5120.0,Brandin Podziemski,,SG,21.0,2.0,NBA,GSW,56,25.0,26.0,4.1,9.4,0.433,1.6,4.6,0.35,2.5,4.8,0.513,0.519,1.1,1.5,0.747,1.0,3.9,4.9,3.4,1.1,0.2,1.1,1.4,10.9
31941.0,2025,4909.0,Brandon Boston Jr.,,SG,23.0,4.0,NBA,NOP,42,10.0,23.6,4.0,9.1,0.436,1.2,3.3,0.35,2.8,5.7,0.485,0.5,1.6,2.0,0.788,0.7,2.5,3.2,2.2,1.3,0.2,1.2,1.7,10.7
31942.0,2025,4693.0,Brandon Clarke,,PF,28.0,6.0,NBA,MEM,64,18.0,18.9,3.7,5.9,0.621,0.0,0.3,0.059,3.7,5.7,0.647,0.622,1.0,1.4,0.701,2.0,3.1,5.1,1.0,0.8,0.6,0.6,2.3,8.3
31943.0,2025,4378.0,Brandon Ingram,,SF,27.0,9.0,NBA,NOP,18,18.0,33.1,8.6,18.5,0.465,2.4,6.4,0.374,6.2,12.1,0.514,0.53,2.6,3.1,0.855,0.9,4.6,5.6,5.2,0.9,0.6,3.8,2.5,22.2
31944.0,2025,5121.0,Brandon Miller,,SF,22.0,2.0,NBA,CHO,27,27.0,34.2,7.3,18.2,0.403,3.9,10.9,0.355,3.5,7.3,0.475,0.509,2.5,2.9,0.861,0.9,3.9,4.9,3.6,1.1,0.7,2.8,2.7,21.0
31945.0,2025,4910.0,Brandon Williams,1999.0,PG,25.0,3.0,NBA,DAL,31,2.0,14.8,2.9,5.7,0.511,0.7,1.9,0.379,2.2,3.9,0.575,0.573,1.7,2.0,0.857,0.4,1.4,1.7,2.4,0.7,0.1,1.1,0.9,8.3
31946.0,2025,5122.0,Brice Sensabaugh,,SF,21.0,2.0,NBA,UTA,65,9.0,19.0,3.7,8.0,0.469,2.0,4.8,0.422,1.7,3.2,0.541,0.597,0.8,0.9,0.895,0.5,2.2,2.7,1.4,0.6,0.1,1.5,1.5,10.3
31948.0,2025,3801.0,Brook Lopez,,C,36.0,17.0,NBA,MIL,73,73.0,32.0,4.8,9.6,0.504,1.8,4.7,0.371,3.1,4.8,0.635,0.596,1.4,1.7,0.827,1.4,3.6,5.0,1.8,0.7,1.8,1.0,2.1,12.8
31949.0,2025,4593.0,Bruce Brown,,PG,28.0,7.0,NBA,TOT,37,8.0,22.2,3.0,7.3,0.416,0.7,2.1,0.329,2.4,5.2,0.451,0.463,1.3,1.6,0.831,1.0,2.9,3.9,1.9,0.9,0.2,1.0,1.7,8.1
31950.0,2025,4593.0,Bruce Brown,,PG,28.0,7.0,NBA,TOR,18,0.0,19.6,3.2,7.3,0.435,0.6,2.0,0.306,2.6,5.3,0.484,0.477,1.4,1.6,0.897,0.9,2.8,3.8,1.6,0.9,0.2,1.1,1.4,8.4
31951.0,2025,4593.0,Bruce Brown,,PG,28.0,7.0,NBA,NOP,19,8.0,24.6,2.9,7.3,0.399,0.7,2.1,0.35,2.2,5.2,0.418,0.449,1.2,1.6,0.767,1.1,3.0,4.1,2.3,0.8,0.3,0.9,2.0,7.7
31954.0,2025,5224.0,Bub Carrington,,PG,19.0,1.0,NBA,WAS,75,50.0,29.3,3.4,8.6,0.395,1.5,4.7,0.33,1.8,3.9,0.473,0.485,0.8,1.0,0.822,0.4,3.7,4.1,4.2,0.7,0.2,1.7,2.3,9.1
31955.0,2025,4381.0,Buddy Hield,,SG,32.0,9.0,NBA,GSW,74,22.0,23.0,4.1,9.6,0.422,2.5,6.7,0.371,1.6,3.0,0.534,0.55,0.7,0.8,0.823,0.6,2.7,3.3,1.8,0.9,0.3,1.2,1.6,11.3
31956.0,2025,4150.0,CJ McCollum,,PG,33.0,12.0,NBA,NOP,56,56.0,32.7,7.9,17.9,0.444,3.1,8.2,0.373,4.9,9.7,0.505,0.53,2.2,3.1,0.717,0.8,3.0,3.8,4.1,0.8,0.4,1.9,2.2,21.1
31957.0,2025,4912.0,Cade Cunningham,,PG,23.0,4.0,NBA,DET,66,66.0,35.2,9.6,20.7,0.462,2.1,6.0,0.354,7.4,14.7,0.506,0.513,4.5,5.2,0.858,0.8,5.3,6.1,9.2,1.0,0.7,4.5,2.8,25.7
31958.0,2025,5034.0,Caleb Houstan,,SF,22.0,3.0,NBA,ORL,52,5.0,12.4,1.2,3.0,0.404,1.0,2.6,0.393,0.2,0.4,0.476,0.574,0.3,0.3,0.929,0.3,0.8,1.1,0.4,0.3,0.1,0.1,1.1,3.7
31959.0,2025,4696.0,Caleb Martin,,SF,29.0,6.0,NBA,TOT,39,24.0,27.8,2.9,6.8,0.432,0.9,2.4,0.362,2.1,4.4,0.471,0.496,1.4,2.2,0.628,1.2,2.9,4.1,2.2,1.0,0.6,1.2,1.9,8.2
31960.0,2025,4696.0,Caleb Martin,,SF,29.0,6.0,NBA,PHI,31,24.0,30.4,3.3,7.5,0.435,1.1,2.8,0.379,2.2,4.7,0.469,0.506,1.5,2.4,0.622,1.4,3.0,4.4,2.2,1.1,0.6,1.4,2.0,9.1
31961.0,2025,4696.0,Caleb Martin,,SF,29.0,6.0,NBA,DAL,8,0.0,17.6,1.8,4.3,0.412,0.1,0.9,0.143,1.6,3.4,0.481,0.426,1.0,1.5,0.667,0.4,2.6,3.0,1.9,0.5,0.4,0.5,1.3,4.6
31963.0,2025,4697.0,Cam Reddish,,SF,25.0,6.0,NBA,LAL,33,8.0,17.8,1.2,2.8,0.404,0.4,1.4,0.277,0.8,1.4,0.532,0.473,0.5,0.8,0.615,0.5,1.5,2.0,0.7,1.0,0.3,0.4,1.3,3.2
31965.0,2025,4913.0,Cam Thomas,,SG,23.0,4.0,NBA,BRK,25,23.0,31.2,8.0,18.2,0.438,2.7,7.8,0.349,5.2,10.4,0.506,0.513,5.3,6.0,0.881,0.6,2.7,3.3,3.8,0.6,0.1,2.5,1.8,24.0
31966.0,2025,5123.0,Cam Whitmore,,SF,20.0,2.0,NBA,HOU,45,1.0,16.1,3.4,8.0,0.425,1.2,3.6,0.331,2.2,4.4,0.503,0.5,1.1,1.4,0.738,0.7,2.2,3.0,0.9,0.6,0.3,0.8,0.9,9.1
31967.0,2025,4698.0,Cameron Johnson,,PF,28.0,6.0,NBA,BRK,57,57.0,31.6,6.2,13.1,0.475,2.8,7.2,0.39,3.4,5.9,0.578,0.582,3.5,3.9,0.893,0.9,3.4,4.3,3.4,0.9,0.4,1.7,1.8,18.8
31968.0,2025,4311.0,Cameron Payne,,PG,30.0,10.0,NBA,NYK,66,4.0,14.9,2.5,6.1,0.408,1.3,3.6,0.366,1.2,2.5,0.47,0.516,0.7,0.7,0.896,0.2,1.3,1.5,2.7,0.5,0.2,0.7,1.5,7.0
31969.0,2025,4382.0,Caris LeVert,,SG,30.0,9.0,NBA,TOT,57,3.0,24.9,4.3,9.1,0.466,1.7,4.4,0.375,2.6,4.7,0.552,0.558,1.5,2.2,0.704,0.6,2.5,3.1,3.4,0.9,0.5,1.2,1.5,11.7
31970.0,2025,4382.0,Caris LeVert,,SF,30.0,9.0,NBA,CLE,38,3.0,23.8,3.6,7.8,0.453,1.6,3.9,0.405,2.0,3.9,0.5,0.554,1.5,2.2,0.699,0.6,2.2,2.8,3.7,0.9,0.5,1.3,1.3,10.2
31971.0,2025,4382.0,Caris LeVert,,SG,30.0,9.0,NBA,ATL,19,0.0,27.1,5.7,11.7,0.484,1.8,5.5,0.333,3.8,6.2,0.619,0.563,1.6,2.2,0.714,0.6,2.9,3.6,2.7,0.9,0.6,0.8,1.9,14.8
31972.0,2025,5124.0,Cason Wallace,,SG,21.0,2.0,NBA,OKC,64,42.0,27.5,3.4,7.1,0.473,1.1,3.1,0.364,2.3,4.0,0.556,0.551,0.5,0.6,0.833,1.0,2.4,3.4,2.6,1.8,0.5,0.9,2.1,8.3
31973.0,2025,4917.0,Charles Bassey,,C,24.0,4.0,NBA,SAS,35,1.0,10.6,1.9,3.3,0.586,0.0,0.0,,1.9,3.3,0.586,0.586,0.6,0.9,0.636,1.6,2.7,4.3,0.5,0.4,0.9,0.7,1.4,4.5
31974.0,2025,5125.0,Chet Holmgren,,C,22.0,2.0,NBA,OKC,27,27.0,27.1,5.2,10.6,0.488,1.3,3.5,0.358,3.9,7.1,0.552,0.547,2.9,4.0,0.72,1.6,6.8,8.3,1.9,0.7,2.2,1.9,2.1,14.5
31975.0,2025,4481.0,Chris Boucher,,PF,32.0,8.0,NBA,TOR,50,0.0,17.2,3.6,7.4,0.492,1.4,3.9,0.363,2.2,3.5,0.633,0.586,1.4,1.7,0.782,1.4,3.1,4.5,0.7,0.5,0.5,0.6,1.4,10.0
31978.0,2025,3585.0,Chris Paul,,PG,39.0,20.0,NBA,SAS,74,74.0,28.0,2.9,6.9,0.425,1.7,4.5,0.384,1.2,2.4,0.503,0.551,1.1,1.1,0.94,0.4,3.2,3.6,7.6,1.3,0.2,1.5,1.8,8.7
31979.0,2025,5036.0,Christian Braun,,SG,23.0,3.0,NBA,DEN,73,71.0,33.5,5.9,10.3,0.574,1.1,2.8,0.394,4.8,7.5,0.641,0.627,2.2,2.7,0.824,1.2,3.8,5.1,2.5,1.1,0.5,1.0,2.1,15.2
31981.0,2025,4818.0,Chuma Okeke,,PF,26.0,5.0,NBA,PHI,7,3.0,24.4,2.6,4.7,0.545,1.4,3.1,0.455,1.1,1.6,0.727,0.697,0.3,0.4,0.667,2.9,3.3,6.1,1.9,0.7,0.4,0.4,0.7,6.9
31982.0,2025,4230.0,Clint Capela,,C,30.0,11.0,NBA,ATL,55,41.0,21.4,4.0,7.1,0.559,0.0,0.0,0.0,4.0,7.1,0.56,0.559,0.9,1.8,0.536,3.2,5.4,8.5,1.1,0.6,1.0,0.9,1.9,8.9
31983.0,2025,4703.0,Coby White,,SG,24.0,6.0,NBA,CHI,68,67.0,33.3,6.8,15.3,0.446,3.0,8.1,0.368,3.8,7.2,0.535,0.544,3.6,4.0,0.893,0.4,3.3,3.6,4.4,0.9,0.2,2.4,2.1,20.3
31984.0,2025,4704.0,Cody Martin,,SF,29.0,6.0,NBA,TOT,47,8.0,23.1,2.8,6.5,0.428,0.9,3.1,0.297,1.9,3.4,0.547,0.498,0.8,1.2,0.691,1.0,3.3,4.4,2.1,1.1,0.6,1.0,1.9,7.3
31985.0,2025,4704.0,Cody Martin,,SF,29.0,6.0,NBA,CHO,39,8.0,24.8,3.0,6.9,0.433,1.0,3.2,0.323,1.9,3.7,0.528,0.507,0.9,1.3,0.694,1.0,3.5,4.5,2.3,1.1,0.7,1.1,1.8,7.8
31986.0,2025,4704.0,Cody Martin,,SF,29.0,6.0,NBA,PHO,8,0.0,15.1,1.9,4.8,0.395,0.4,2.6,0.143,1.5,2.1,0.706,0.434,0.5,0.8,0.667,1.1,2.6,3.8,1.1,1.3,0.4,0.8,2.0,4.6
31987.0,2025,5227.0,Cody Williams,,SG,20.0,1.0,NBA,UTA,50,21.0,21.2,1.7,5.1,0.323,0.7,2.7,0.259,1.0,2.4,0.393,0.391,0.6,0.8,0.725,0.5,1.7,2.3,1.2,0.5,0.3,0.9,1.9,4.6
31990.0,2025,5127.0,Colby Jones,,SG,22.0,2.0,NBA,WAS,9,0.0,20.4,3.0,5.4,0.551,1.0,2.3,0.429,2.0,3.1,0.643,0.643,1.7,2.6,0.652,0.7,2.1,2.8,2.1,1.3,0.4,0.8,1.2,8.7
31991.0,2025,4819.0,Cole Anthony,,PG,24.0,5.0,NBA,ORL,61,22.0,18.6,3.5,8.3,0.423,1.1,3.2,0.349,2.4,5.1,0.47,0.49,1.4,1.7,0.821,0.7,2.3,3.0,2.9,0.7,0.4,1.6,2.3,9.6
31992.0,2025,5038.0,Cole Swider,,SF,25.0,3.0,NBA,TOT,5,0.0,14.0,1.6,4.8,0.333,0.8,3.6,0.222,0.8,1.2,0.667,0.417,0.0,0.2,0.0,0.2,1.6,1.8,0.2,0.2,0.2,0.0,1.4,4.0
31994.0,2025,5038.0,Cole Swider,,SF,25.0,3.0,NBA,TOR,3,0.0,19.0,2.7,6.3,0.421,1.3,4.3,0.308,1.3,2.0,0.667,0.526,0.0,0.3,0.0,0.3,2.0,2.3,0.0,0.3,0.3,0.0,2.0,6.7
31995.0,2025,5128.0,Colin Castleton,,C,24.0,2.0,NBA,TOT,20,4.0,15.3,1.5,3.4,0.433,0.1,0.6,0.167,1.4,2.8,0.491,0.448,1.2,1.4,0.821,1.8,2.4,4.2,0.9,0.4,0.5,1.1,1.6,4.2
31997.0,2025,5128.0,Colin Castleton,,C,24.0,2.0,NBA,TOR,10,4.0,25.9,2.7,5.7,0.474,0.2,0.8,0.25,2.5,4.9,0.51,0.491,1.3,1.7,0.765,3.3,4.1,7.4,1.8,0.6,0.8,2.1,2.6,6.9
31998.0,2025,5129.0,Collin Gillespie,,PG,25.0,2.0,NBA,PHO,26,7.0,11.4,1.7,3.7,0.448,0.8,1.9,0.44,0.8,1.8,0.457,0.563,0.5,0.5,0.923,0.6,1.4,2.0,2.2,0.3,0.2,0.4,0.9,4.6
31999.0,2025,4598.0,Collin Sexton,,SG,26.0,7.0,NBA,UTA,59,57.0,27.9,6.5,13.7,0.476,1.8,4.4,0.405,4.8,9.3,0.51,0.541,3.4,3.9,0.861,1.0,1.8,2.8,4.2,0.7,0.1,2.6,2.3,18.2
32000.0,2025,4920.0,Corey Kispert,,SF,25.0,4.0,NBA,WAS,61,0.0,26.3,4.2,9.3,0.451,2.0,5.4,0.364,2.2,3.9,0.574,0.558,1.2,1.4,0.852,0.6,2.4,3.0,1.7,0.4,0.2,1.0,1.6,11.6
32001.0,2025,3992.0,Cory Joseph,,PG,33.0,14.0,NBA,ORL,45,11.0,11.5,1.2,2.9,0.394,0.7,2.0,0.36,0.4,1.0,0.465,0.515,0.3,0.4,0.778,0.3,1.1,1.4,1.4,0.5,0.1,0.4,1.0,3.3
32004.0,2025,4317.0,D'Angelo Russell,,PG,28.0,10.0,NBA,TOT,57,35.0,25.8,4.4,11.1,0.394,2.0,6.2,0.317,2.4,4.8,0.493,0.483,2.1,2.5,0.834,0.4,2.5,2.8,5.2,1.0,0.4,1.9,2.0,12.8
32005.0,2025,4317.0,D'Angelo Russell,,PG,28.0,10.0,NBA,LAL,29,10.0,26.3,4.4,10.7,0.415,1.9,5.8,0.333,2.5,4.9,0.51,0.505,1.6,1.8,0.849,0.3,2.5,2.8,4.7,0.8,0.1,1.7,1.8,12.4
32006.0,2025,4317.0,D'Angelo Russell,,PG,28.0,10.0,NBA,BRK,28,25.0,25.2,4.3,11.5,0.374,2.0,6.7,0.303,2.3,4.8,0.474,0.463,2.7,3.3,0.826,0.4,2.5,2.9,5.7,1.2,0.7,2.0,2.1,13.3
32008.0,2025,4705.0,DaQuan Jeffries,,SG,27.0,5.0,NBA,CHO,40,15.0,22.0,2.5,6.1,0.408,1.2,3.4,0.346,1.3,2.7,0.486,0.504,0.5,0.6,0.826,0.8,2.0,2.8,1.1,0.6,0.6,0.7,2.2,6.7
32009.0,2025,5229.0,Daeqwon Plowden,,SG,26.0,1.0,NBA,ATL,2,0.0,16.5,4.0,5.0,0.8,3.0,4.0,0.75,1.0,1.0,1.0,1.1,1.0,1.0,1.0,1.5,1.0,2.5,0.0,0.0,0.0,0.5,2.5,12.0
32011.0,2025,4923.0,Dalano Banton,,PG,25.0,4.0,NBA,POR,60,0.0,14.8,2.6,6.4,0.408,1.0,2.8,0.357,1.6,3.6,0.447,0.486,1.2,1.7,0.723,0.4,1.4,1.8,2.1,0.7,0.5,1.1,0.7,7.5
32012.0,2025,5039.0,Dalen Terry,,SG,22.0,3.0,NBA,CHI,68,4.0,13.3,1.6,3.5,0.461,0.5,1.4,0.37,1.1,2.2,0.517,0.531,0.7,1.0,0.701,0.5,1.1,1.6,1.3,0.6,0.2,0.7,1.5,4.5
32013.0,2025,5230.0,Dalton Knecht,,SF,23.0,1.0,NBA,LAL,72,15.0,19.6,3.3,7.2,0.46,1.6,4.4,0.371,1.7,2.8,0.603,0.574,0.8,1.1,0.75,0.5,2.4,2.8,0.9,0.3,0.1,0.5,1.3,9.1
32014.0,2025,4077.0,Damian Lillard,,PG,34.0,13.0,NBA,MIL,58,58.0,36.1,7.7,17.1,0.448,3.4,9.0,0.376,4.3,8.1,0.528,0.547,6.2,6.8,0.921,0.5,4.2,4.7,7.1,1.2,0.2,2.8,1.7,24.9
32015.0,2025,5231.0,Damion Baugh,,SG,24.0,1.0,NBA,CHO,11,2.0,26.1,3.2,9.1,0.35,0.9,4.0,0.227,2.3,5.1,0.446,0.4,1.0,1.2,0.846,0.7,2.4,3.1,3.9,1.3,0.1,1.9,1.6,8.3
32017.0,2025,4706.0,Daniel Gafford,,C,26.0,6.0,NBA,DAL,52,29.0,21.8,5.0,7.1,0.701,0.0,0.0,,5.0,7.1,0.701,0.701,2.4,3.4,0.693,2.8,4.1,6.9,1.4,0.4,1.8,1.2,2.7,12.4
32018.0,2025,4487.0,Daniel Theis,,C,32.0,8.0,NBA,NOP,38,9.0,16.3,1.6,3.4,0.473,0.2,1.0,0.243,1.4,2.4,0.565,0.508,0.8,1.0,0.838,1.2,3.2,4.3,1.6,0.5,0.5,0.7,1.8,4.3
32020.0,2025,4233.0,Dante Exum,,PG,29.0,8.0,NBA,DAL,18,12.0,19.1,3.3,6.9,0.48,1.2,2.6,0.447,2.2,4.3,0.5,0.564,1.3,1.7,0.742,0.2,1.4,1.7,2.8,0.7,0.2,1.1,1.7,9.1
32021.0,2025,4389.0,Dario Šarić,,C,30.0,8.0,NBA,DEN,15,4.0,13.5,1.3,3.7,0.339,0.5,1.7,0.269,0.8,2.0,0.4,0.402,0.5,0.7,0.7,0.9,2.3,3.3,1.5,0.5,0.1,0.9,1.2,3.5
32023.0,2025,4708.0,Darius Garland,,PG,25.0,6.0,NBA,CLE,70,70.0,30.6,7.4,15.7,0.471,2.8,7.1,0.403,4.5,8.6,0.527,0.562,3.1,3.5,0.884,0.6,2.3,2.9,6.7,1.2,0.2,2.5,2.0,20.6
32025.0,2025,5041.0,David Roddy,,PF,23.0,3.0,NBA,TOT,30,3.0,12.5,1.7,3.7,0.464,0.6,1.8,0.333,1.1,1.9,0.586,0.545,0.6,0.7,0.818,0.4,2.2,2.6,1.1,0.5,0.3,0.7,0.6,4.7
32026.0,2025,5041.0,David Roddy,,PF,23.0,3.0,NBA,ATL,27,3.0,12.8,1.6,3.4,0.473,0.6,1.6,0.372,1.0,1.9,0.56,0.559,0.7,0.8,0.818,0.4,2.2,2.6,1.1,0.4,0.3,0.7,0.7,4.5
32028.0,2025,4926.0,Davion Mitchell,,PG,26.0,4.0,NBA,TOT,67,36.0,26.9,2.8,6.1,0.462,1.1,2.8,0.398,1.7,3.4,0.516,0.552,0.7,1.0,0.667,0.5,1.7,2.1,4.7,0.9,0.2,1.8,2.5,7.5
32029.0,2025,4926.0,Davion Mitchell,,PG,26.0,4.0,NBA,TOR,44,22.0,24.5,2.4,5.5,0.434,1.0,2.7,0.359,1.5,2.9,0.504,0.52,0.6,0.8,0.676,0.4,1.6,1.9,4.6,0.7,0.2,1.8,2.6,6.3
32030.0,2025,4926.0,Davion Mitchell,,PG,26.0,4.0,NBA,MIA,23,14.0,31.5,3.7,7.3,0.503,1.4,3.0,0.464,2.3,4.3,0.531,0.599,0.9,1.4,0.656,0.7,1.9,2.6,4.9,1.2,0.3,1.7,2.2,9.6
32031.0,2025,4927.0,Day'Ron Sharpe,,C,23.0,4.0,NBA,BRK,50,2.0,18.1,3.3,6.3,0.521,0.2,0.9,0.244,3.1,5.4,0.566,0.538,1.1,1.5,0.757,3.0,3.6,6.6,1.8,0.8,0.8,1.3,2.3,7.9
32032.0,2025,4489.0,De'Aaron Fox,,PG,27.0,8.0,NBA,TOT,62,62.0,36.1,8.7,18.8,0.463,1.9,6.1,0.31,6.8,12.6,0.538,0.514,4.2,5.1,0.827,0.9,3.9,4.8,6.3,1.5,0.4,2.8,2.6,23.5
32033.0,2025,4489.0,De'Aaron Fox,,PG,27.0,8.0,NBA,SAC,45,45.0,37.0,9.2,19.6,0.469,2.0,6.4,0.322,7.2,13.3,0.539,0.521,4.5,5.5,0.829,1.0,4.0,5.0,6.1,1.5,0.4,3.0,2.6,25.0
32034.0,2025,4489.0,De'Aaron Fox,,PG,27.0,8.0,NBA,SAS,17,17.0,34.0,7.4,16.5,0.446,1.5,5.6,0.274,5.8,10.9,0.535,0.493,3.5,4.2,0.819,0.5,3.8,4.3,6.8,1.5,0.3,2.4,2.7,19.7
32035.0,2025,4709.0,De'Andre Hunter,,SF,27.0,6.0,NBA,TOT,59,8.0,27.2,5.5,11.7,0.47,2.4,6.0,0.405,3.1,5.7,0.537,0.573,3.6,4.2,0.854,0.7,3.2,3.9,1.4,0.7,0.2,1.3,2.5,17.0
32036.0,2025,4709.0,De'Andre Hunter,,SF,27.0,6.0,NBA,ATL,37,4.0,28.8,6.1,13.3,0.461,2.6,6.7,0.393,3.5,6.6,0.531,0.56,4.1,4.8,0.858,0.7,3.2,3.9,1.5,0.8,0.1,1.6,2.4,19.0
32037.0,2025,4709.0,De'Andre Hunter,,SF,27.0,6.0,NBA,CLE,22,4.0,24.6,4.5,9.1,0.49,2.1,4.8,0.434,2.4,4.3,0.553,0.605,2.7,3.2,0.843,0.7,3.3,4.0,1.2,0.5,0.2,0.8,2.6,13.7
32038.0,2025,4601.0,De'Anthony Melton,,SG,26.0,7.0,NBA,GSW,6,2.0,20.2,3.7,9.0,0.407,2.2,5.8,0.371,1.5,3.2,0.474,0.528,0.8,1.3,0.625,1.0,2.3,3.3,2.8,1.2,0.3,1.7,3.0,10.3
32039.0,2025,3810.0,DeAndre Jordan,,C,36.0,17.0,NBA,DEN,50,4.0,12.2,1.7,2.5,0.664,0.0,0.0,,1.7,2.5,0.664,0.664,0.4,0.9,0.413,1.5,3.5,5.0,1.0,0.3,0.4,0.8,1.3,3.7
32040.0,2025,3872.0,DeMar DeRozan,,SF,35.0,16.0,NBA,SAC,70,70.0,36.0,8.1,16.8,0.483,1.1,3.2,0.345,7.0,13.5,0.515,0.516,4.8,5.6,0.867,0.6,3.3,3.9,4.4,0.9,0.4,1.4,1.9,22.1
32041.0,2025,4710.0,Dean Wade,,PF,28.0,6.0,NBA,CLE,55,28.0,21.3,1.9,4.6,0.412,1.3,3.8,0.352,0.6,0.8,0.689,0.557,0.3,0.5,0.536,0.9,3.4,4.4,1.3,0.7,0.4,0.4,1.7,5.4
32042.0,2025,4603.0,Deandre Ayton,,C,26.0,7.0,NBA,POR,40,40.0,30.2,6.6,11.7,0.566,0.2,0.8,0.188,6.5,10.9,0.594,0.573,1.0,1.5,0.667,3.1,7.1,10.2,1.6,0.8,1.0,1.7,2.2,14.4
32043.0,2025,4392.0,Dejounte Murray,,PG,28.0,8.0,NBA,NOP,31,31.0,32.6,6.3,15.9,0.393,1.7,5.6,0.299,4.6,10.3,0.444,0.445,3.3,4.0,0.823,0.5,5.9,6.5,7.4,2.0,0.4,3.4,2.0,17.5
32044.0,2025,4320.0,Delon Wright,,PG,32.0,10.0,NBA,TOT,35,4.0,14.5,0.9,2.9,0.317,0.5,1.7,0.276,0.5,1.2,0.372,0.396,0.3,0.6,0.55,0.6,1.0,1.6,1.7,0.8,0.3,0.5,0.6,2.6
32045.0,2025,4320.0,Delon Wright,,PG,32.0,10.0,NBA,MIL,26,2.0,15.6,0.8,3.2,0.268,0.5,1.9,0.245,0.4,1.3,0.303,0.341,0.3,0.6,0.563,0.6,1.2,1.8,1.8,0.9,0.3,0.5,0.7,2.5
32046.0,2025,4320.0,Delon Wright,,PG,32.0,10.0,NBA,NYK,9,2.0,11.2,1.1,2.1,0.526,0.4,1.0,0.444,0.7,1.1,0.6,0.632,0.2,0.4,0.5,0.6,0.6,1.1,1.3,0.4,0.3,0.6,0.3,2.9
32047.0,2025,4823.0,Deni Avdija,,SF,24.0,5.0,NBA,POR,69,51.0,29.8,5.3,11.3,0.474,1.7,4.7,0.368,3.6,6.6,0.549,0.55,3.9,5.0,0.775,1.3,5.6,7.0,3.8,1.0,0.5,2.6,2.4,16.3
32048.0,2025,4157.0,Dennis Schröder,,PG,31.0,12.0,NBA,TOT,69,45.0,27.7,4.5,11.1,0.409,1.7,5.0,0.345,2.8,6.0,0.463,0.488,2.4,2.9,0.844,0.3,2.3,2.6,5.4,0.9,0.2,1.9,2.4,13.2
32049.0,2025,4157.0,Dennis Schröder,,PG,31.0,12.0,NBA,BRK,23,23.0,33.6,6.4,14.1,0.452,2.5,6.5,0.387,3.9,7.6,0.509,0.542,3.1,3.5,0.889,0.2,2.8,3.0,6.6,1.1,0.2,2.6,2.4,18.4
32050.0,2025,4157.0,Dennis Schröder,,SG,31.0,12.0,NBA,GSW,24,18.0,26.2,3.9,10.5,0.375,1.5,4.8,0.322,2.4,5.7,0.419,0.448,1.2,1.6,0.744,0.4,1.9,2.3,4.4,1.0,0.1,2.0,2.8,10.6
32051.0,2025,4157.0,Dennis Schröder,,PG,31.0,12.0,NBA,DET,22,4.0,23.3,3.3,8.6,0.381,1.1,3.8,0.301,2.1,4.8,0.443,0.447,3.0,3.6,0.848,0.4,2.1,2.5,5.4,0.6,0.2,1.1,2.1,10.7
32052.0,2025,5134.0,Dereck Lively II,,C,20.0,2.0,NBA,DAL,32,25.0,24.0,3.9,5.5,0.701,0.0,0.0,,3.9,5.5,0.701,0.701,1.4,2.2,0.638,3.1,4.8,7.8,2.6,0.5,1.7,1.2,2.9,9.1
32053.0,2025,4395.0,Derrick Jones Jr.,,SF,27.0,9.0,NBA,LAC,70,53.0,24.4,4.1,7.8,0.527,1.0,2.8,0.367,3.0,4.9,0.619,0.594,1.1,1.6,0.716,1.2,2.2,3.5,0.8,1.0,0.4,0.9,2.0,10.3
32054.0,2025,4492.0,Derrick White,,SG,30.0,8.0,NBA,BOS,71,71.0,33.9,5.6,12.7,0.438,3.5,9.1,0.381,2.1,3.6,0.585,0.575,1.8,2.2,0.84,0.8,3.6,4.5,4.6,1.0,1.0,1.6,1.9,16.5
32055.0,2025,4824.0,Desmond Bane,,SG,26.0,5.0,NBA,MEM,63,62.0,31.7,7.0,14.4,0.484,2.3,5.9,0.388,4.7,8.6,0.55,0.563,2.5,2.9,0.883,0.9,5.1,6.0,5.4,1.2,0.4,2.5,2.4,18.8
32056.0,2025,4321.0,Devin Booker,,SG,28.0,10.0,NBA,PHO,69,69.0,37.3,8.5,18.6,0.457,2.5,7.5,0.339,5.9,11.1,0.536,0.525,5.8,6.5,0.894,1.0,3.1,4.1,7.0,0.9,0.2,2.9,2.7,25.3
32058.0,2025,4826.0,Devin Vassell,,SG,24.0,5.0,NBA,SAS,59,48.0,31.0,6.2,14.0,0.444,2.4,6.6,0.368,3.8,7.4,0.512,0.531,1.5,1.9,0.798,0.5,3.4,4.0,2.9,1.3,0.6,1.3,1.7,16.4
32059.0,2025,4494.0,Dillon Brooks,,SF,29.0,8.0,NBA,HOU,72,72.0,32.1,5.0,11.9,0.422,2.5,6.3,0.395,2.6,5.6,0.453,0.526,1.4,1.7,0.824,1.0,2.7,3.7,1.7,0.8,0.2,1.0,3.3,13.9
32061.0,2025,4398.0,Domantas Sabonis,,C,28.0,9.0,NBA,SAC,63,63.0,34.8,7.5,12.7,0.587,0.9,2.3,0.406,6.5,10.4,0.626,0.623,3.2,4.3,0.74,3.7,10.2,14.0,6.0,0.7,0.4,2.9,3.3,19.0
32062.0,2025,5043.0,Dominick Barlow,,SF,21.0,3.0,NBA,ATL,28,3.0,10.6,1.7,3.3,0.522,0.3,0.8,0.318,1.5,2.5,0.586,0.56,0.6,0.9,0.692,1.0,1.4,2.3,0.5,0.3,0.5,0.1,1.3,4.3
32063.0,2025,5235.0,Donovan Clingan,,C,20.0,1.0,NBA,POR,60,30.0,18.8,2.5,4.6,0.54,0.2,0.6,0.289,2.3,4.0,0.579,0.559,0.9,1.5,0.602,3.0,4.4,7.4,1.0,0.5,1.6,1.1,2.8,6.1
32064.0,2025,4495.0,Donovan Mitchell,,SG,28.0,8.0,NBA,CLE,68,68.0,31.4,8.2,18.6,0.442,3.3,9.0,0.366,5.0,9.7,0.511,0.53,4.2,5.1,0.829,0.8,3.7,4.5,4.9,1.3,0.2,2.1,2.0,24.0
32065.0,2025,4607.0,Donte DiVincenzo,,SG,28.0,7.0,NBA,MIN,56,10.0,26.1,4.0,9.6,0.416,2.8,7.1,0.393,1.2,2.5,0.482,0.562,0.9,1.1,0.79,0.5,3.2,3.8,3.8,1.2,0.3,1.5,1.8,11.6
32066.0,2025,4399.0,Dorian Finney-Smith,,PF,31.0,9.0,NBA,TOT,57,38.0,28.6,3.1,6.9,0.446,2.0,4.9,0.405,1.1,2.0,0.543,0.589,0.5,0.8,0.651,1.3,2.7,4.0,1.4,0.9,0.4,0.9,2.2,8.6
32067.0,2025,4399.0,Dorian Finney-Smith,,PF,31.0,9.0,NBA,BRK,20,20.0,29.0,3.7,8.0,0.459,2.4,5.4,0.435,1.3,2.6,0.51,0.607,0.8,1.2,0.625,1.6,3.0,4.6,1.6,0.9,0.6,0.9,2.7,10.4
32068.0,2025,4399.0,Dorian Finney-Smith,,PF,31.0,9.0,NBA,LAL,37,18.0,28.5,2.8,6.4,0.436,1.8,4.6,0.386,1.0,1.8,0.569,0.576,0.4,0.5,0.684,1.2,2.6,3.8,1.3,1.0,0.2,0.9,1.9,7.7
32070.0,2025,4085.0,Draymond Green,,PF,34.0,13.0,NBA,GSW,60,58.0,29.0,3.2,7.5,0.43,1.2,3.6,0.321,2.1,3.9,0.53,0.507,1.5,2.2,0.687,1.1,5.0,6.1,5.6,1.5,1.1,2.5,3.2,9.1
32071.0,2025,4609.0,Drew Eubanks,,C,27.0,7.0,NBA,TOT,55,4.0,12.7,1.9,3.2,0.593,0.1,0.1,0.5,1.9,3.1,0.596,0.602,0.8,1.3,0.652,1.0,2.8,3.8,0.9,0.2,0.7,0.7,1.1,4.7
32072.0,2025,4609.0,Drew Eubanks,,C,27.0,7.0,NBA,UTA,37,4.0,15.4,2.4,3.9,0.607,0.1,0.1,0.6,2.3,3.8,0.607,0.617,1.0,1.5,0.632,1.1,3.5,4.5,1.2,0.3,0.9,0.8,1.2,5.8
32075.0,2025,5236.0,Drew Timme,,PF,24.0,1.0,NBA,BRK,3,0.0,24.7,5.7,9.3,0.607,0.7,3.0,0.222,5.0,6.3,0.789,0.643,1.0,1.3,0.75,2.7,3.7,6.3,1.7,0.0,0.3,1.7,2.3,13.0
32076.0,2025,5045.0,Dru Smith,,SG,27.0,3.0,NBA,MIA,14,1.0,19.1,2.2,4.4,0.508,1.1,2.1,0.533,1.1,2.2,0.484,0.639,0.6,0.9,0.75,0.9,1.7,2.6,1.6,1.5,0.4,1.2,2.1,6.2
32077.0,2025,4610.0,Duncan Robinson,,SF,30.0,7.0,NBA,MIA,68,35.0,24.4,3.9,9.0,0.434,2.5,6.5,0.387,1.4,2.5,0.56,0.575,0.6,0.7,0.88,0.2,2.0,2.3,2.5,0.6,0.1,1.2,1.9,11.0
32078.0,2025,5138.0,Duop Reath,,C,28.0,2.0,NBA,POR,43,0.0,10.3,1.6,3.6,0.432,0.8,2.3,0.333,0.8,1.3,0.607,0.539,0.5,0.5,0.909,0.9,1.0,2.0,0.6,0.3,0.3,0.4,0.9,4.3
32079.0,2025,4239.0,Dwight Powell,,C,33.0,11.0,NBA,DAL,50,3.0,10.2,0.8,1.1,0.727,0.0,0.0,0.5,0.8,1.1,0.736,0.736,0.5,0.8,0.659,0.9,1.3,2.2,1.1,0.3,0.4,0.4,1.5,2.2
32080.0,2025,5046.0,Dyson Daniels,,SG,21.0,3.0,NBA,ATL,69,69.0,33.9,5.9,12.2,0.486,1.1,3.2,0.339,4.9,9.0,0.537,0.53,1.1,1.9,0.6,1.7,4.2,5.8,4.3,3.1,0.7,2.0,2.4,14.1
32082.0,2025,4240.0,Elfrid Payton,,PG,30.0,9.0,NBA,TOT,17,5.0,20.4,1.9,5.4,0.348,0.0,0.1,0.0,1.9,5.4,0.352,0.348,0.1,0.2,0.333,0.5,2.5,3.0,5.8,1.1,0.5,2.3,1.5,3.8
32083.0,2025,4240.0,Elfrid Payton,,PG,30.0,9.0,NBA,NOP,11,3.0,20.3,2.6,6.5,0.408,0.0,0.1,0.0,2.6,6.4,0.414,0.408,0.1,0.3,0.333,0.7,2.7,3.5,7.2,1.2,0.5,2.9,1.3,5.4
32084.0,2025,4240.0,Elfrid Payton,,PG,30.0,9.0,NBA,CHO,6,2.0,20.5,0.5,3.5,0.143,0.0,0.0,,0.5,3.5,0.143,0.143,0.0,0.0,,0.2,2.0,2.2,3.3,1.0,0.5,1.2,2.0,1.0
32085.0,2025,5237.0,Elijah Harkless,,SG,24.0,1.0,NBA,UTA,10,0.0,13.8,1.1,3.5,0.314,0.7,2.5,0.28,0.4,1.0,0.4,0.414,0.3,0.6,0.5,0.9,1.2,2.1,0.8,1.0,0.1,0.3,1.8,3.2
32089.0,2025,3815.0,Eric Gordon,,SG,36.0,17.0,NBA,PHI,39,13.0,19.7,2.2,5.2,0.426,1.4,3.5,0.409,0.8,1.7,0.463,0.564,0.9,1.2,0.75,0.2,1.0,1.2,1.7,0.7,0.3,0.7,0.8,6.8
32090.0,2025,4931.0,Evan Mobley,,PF,23.0,4.0,NBA,CLE,66,66.0,30.3,7.2,12.7,0.563,1.2,3.1,0.371,6.0,9.6,0.625,0.608,3.1,4.2,0.73,2.2,7.0,9.3,3.1,0.8,1.6,2.0,2.0,18.6
32091.0,2025,4933.0,Franz Wagner,,SF,23.0,4.0,NBA,ORL,56,56.0,33.7,8.9,19.4,0.462,1.7,5.8,0.29,7.3,13.6,0.535,0.505,4.6,5.3,0.865,0.9,4.7,5.7,4.7,1.3,0.4,2.4,2.5,24.2
32092.0,2025,4402.0,Fred VanVleet,,PG,30.0,9.0,NBA,HOU,57,57.0,35.3,4.8,12.8,0.379,2.7,7.7,0.345,2.2,5.1,0.431,0.483,1.9,2.3,0.826,0.6,3.3,3.9,5.6,1.6,0.4,1.4,2.3,14.3
32093.0,2025,5142.0,GG Jackson II,,PF,20.0,2.0,NBA,MEM,25,2.0,16.2,2.8,7.0,0.392,1.2,3.6,0.337,1.6,3.5,0.448,0.477,1.1,1.5,0.737,1.0,2.3,3.2,1.0,0.4,0.2,1.1,1.1,7.8
32094.0,2025,4717.0,Gabe Vincent,,PG,28.0,6.0,NBA,LAL,66,11.0,21.2,2.4,5.9,0.406,1.5,4.3,0.362,0.8,1.6,0.523,0.537,0.2,0.3,0.714,0.3,1.0,1.3,1.4,0.7,0.2,0.6,2.1,6.6
32096.0,2025,4718.0,Garrison Mathews,,SG,28.0,6.0,NBA,ATL,46,2.0,17.2,2.1,5.4,0.395,1.8,4.6,0.389,0.3,0.8,0.432,0.56,1.4,1.7,0.818,0.3,1.5,1.8,1.3,0.6,0.3,0.6,1.7,7.4
32097.0,2025,4245.0,Gary Harris,,SG,30.0,11.0,NBA,ORL,42,2.0,15.0,1.0,2.7,0.354,0.6,2.0,0.314,0.3,0.6,0.481,0.473,0.2,0.3,0.583,0.4,1.0,1.4,0.6,0.6,0.3,0.3,1.0,2.7
32098.0,2025,4403.0,Gary Payton II,,SG,32.0,9.0,NBA,GSW,58,11.0,14.9,2.8,4.8,0.585,0.5,1.5,0.33,2.3,3.3,0.704,0.637,0.5,0.7,0.711,0.8,2.1,3.0,1.3,0.8,0.3,0.6,1.7,6.6
32099.0,2025,4617.0,Gary Trent Jr.,,SG,26.0,7.0,NBA,MIL,67,8.0,25.5,3.8,8.8,0.432,2.4,5.8,0.418,1.4,3.0,0.461,0.569,1.0,1.1,0.87,0.3,2.0,2.3,1.1,1.0,0.1,0.6,1.7,11.1
32100.0,2025,4404.0,Georges Niang,,PF,31.0,9.0,NBA,TOT,72,2.0,21.7,3.6,7.8,0.47,2.1,5.1,0.411,1.6,2.7,0.58,0.604,0.6,0.8,0.793,0.6,3.0,3.6,1.4,0.4,0.2,1.0,2.5,10.0
32101.0,2025,4404.0,Georges Niang,,PF,31.0,9.0,NBA,CLE,51,1.0,20.6,3.3,6.8,0.477,1.8,4.4,0.4,1.5,2.4,0.618,0.606,0.5,0.6,0.793,0.7,3.0,3.7,1.3,0.3,0.1,0.9,2.5,8.7
32102.0,2025,4404.0,Georges Niang,,PF,31.0,9.0,NBA,ATL,21,1.0,24.2,4.6,10.0,0.457,2.9,6.7,0.429,1.7,3.3,0.514,0.6,1.1,1.4,0.793,0.6,2.9,3.4,1.7,0.5,0.3,1.0,2.6,13.1
32103.0,2025,4164.0,Giannis Antetokounmpo,,PF,30.0,12.0,NBA,MIL,61,61.0,33.9,11.9,19.8,0.601,0.1,0.8,0.176,11.7,19.0,0.619,0.604,6.3,10.5,0.605,2.3,9.6,11.9,5.9,0.8,1.2,3.2,2.5,30.2
32104.0,2025,4719.0,Goga Bitadze,,C,25.0,6.0,NBA,ORL,65,41.0,20.7,3.0,4.9,0.618,0.0,0.4,0.12,3.0,4.5,0.661,0.623,1.2,1.9,0.634,2.4,4.3,6.7,2.0,0.7,1.4,1.1,2.2,7.3
32105.0,2025,5143.0,Gradey Dick,,SG,21.0,2.0,NBA,TOR,54,54.0,29.4,4.9,12.0,0.41,2.1,6.0,0.35,2.8,5.9,0.47,0.498,2.5,2.9,0.858,0.8,2.8,3.6,1.8,0.9,0.2,1.5,2.2,14.4
32106.0,2025,4720.0,Grant Williams,,PF,26.0,6.0,NBA,CHO,16,7.0,29.9,3.4,7.7,0.439,1.7,4.6,0.365,1.7,3.1,0.551,0.549,1.9,2.3,0.838,1.1,4.0,5.1,2.3,1.1,0.8,1.8,2.9,10.4
32107.0,2025,4619.0,Grayson Allen,,SG,29.0,7.0,NBA,PHO,57,3.0,24.1,3.2,7.3,0.445,2.3,5.4,0.43,0.9,1.9,0.486,0.603,1.4,1.8,0.81,0.5,2.5,3.0,2.1,0.9,0.3,1.1,1.5,10.2
32108.0,2025,4503.0,Guerschon Yabusele,,C,29.0,3.0,NBA,PHI,68,41.0,26.8,3.9,7.8,0.499,1.5,3.8,0.383,2.4,4.0,0.61,0.593,1.4,1.9,0.72,1.9,3.8,5.7,2.1,0.8,0.4,1.3,2.4,10.7
32109.0,2025,5144.0,Gui Santos,,PF,22.0,2.0,NBA,GSW,49,2.0,14.0,1.6,3.3,0.479,0.7,1.9,0.351,0.9,1.4,0.652,0.58,0.5,0.7,0.694,1.2,1.9,3.1,1.4,0.4,0.2,0.8,1.6,4.4
32110.0,2025,4089.0,Harrison Barnes,,PF,32.0,13.0,NBA,SAS,74,74.0,26.9,4.0,8.1,0.497,1.7,4.2,0.416,2.3,3.9,0.585,0.605,1.9,2.4,0.789,1.3,2.4,3.7,1.7,0.4,0.2,0.6,0.9,11.7
32112.0,2025,4622.0,Haywood Highsmith,,SF,28.0,5.0,NBA,MIA,67,40.0,24.6,2.4,5.1,0.462,1.2,3.0,0.388,1.2,2.1,0.567,0.576,0.4,0.6,0.732,0.9,2.4,3.3,1.5,1.0,0.5,0.7,2.2,6.3
32113.0,2025,4939.0,Herbert Jones,,SF,26.0,4.0,NBA,NOP,20,20.0,32.4,3.8,8.6,0.436,1.1,3.6,0.306,2.7,5.0,0.53,0.5,1.7,2.0,0.825,1.1,2.8,3.9,3.3,1.9,0.5,1.8,3.3,10.3
32115.0,2025,4837.0,Immanuel Quickley,,PG,25.0,5.0,NBA,TOR,30,30.0,28.3,5.6,13.4,0.42,2.6,6.8,0.38,3.0,6.6,0.462,0.517,3.6,4.2,0.865,0.5,3.1,3.5,5.8,0.7,0.1,1.8,1.9,17.5
32117.0,2025,4838.0,Isaac Okoro,,SG,24.0,5.0,NBA,CLE,49,21.0,18.7,2.1,4.6,0.453,1.0,2.7,0.374,1.1,1.9,0.565,0.563,0.7,0.9,0.711,0.8,1.3,2.2,1.3,0.6,0.3,0.4,1.9,5.8
32118.0,2025,5242.0,Isaiah Collier,,PG,20.0,1.0,NBA,UTA,68,43.0,25.6,3.2,7.6,0.419,0.6,2.3,0.25,2.6,5.3,0.493,0.457,1.3,2.0,0.667,0.4,2.8,3.3,6.2,0.9,0.2,3.0,2.1,8.3
32120.0,2025,4626.0,Isaiah Hartenstein,,C,26.0,7.0,NBA,OKC,53,50.0,28.0,4.9,8.6,0.575,0.0,0.3,0.0,4.9,8.2,0.599,0.575,1.5,2.2,0.684,2.8,8.0,10.8,3.9,0.8,1.1,1.7,3.0,11.3
32121.0,2025,4940.0,Isaiah Jackson,,C,23.0,4.0,NBA,IND,5,1.0,16.8,2.8,4.6,0.609,0.0,0.0,,2.8,4.6,0.609,0.609,1.4,2.8,0.5,2.2,3.4,5.6,1.0,0.6,1.6,1.0,2.8,7.0
32122.0,2025,4839.0,Isaiah Joe,,SG,25.0,5.0,NBA,OKC,68,13.0,21.3,3.5,7.9,0.441,2.6,6.2,0.413,0.9,1.7,0.544,0.603,0.6,0.7,0.796,0.5,2.1,2.6,1.5,0.6,0.1,0.5,1.5,10.1
32124.0,2025,4840.0,Isaiah Stewart,,C,23.0,5.0,NBA,DET,69,3.0,19.6,2.4,4.3,0.562,0.2,0.7,0.311,2.2,3.7,0.607,0.586,0.9,1.2,0.759,1.8,3.7,5.5,1.7,0.4,1.4,0.9,2.4,6.0
32125.0,2025,5148.0,Isaiah Wong,,SG,24.0,2.0,NBA,CHO,20,0.0,13.3,2.1,5.3,0.39,0.7,1.7,0.394,1.4,3.6,0.389,0.452,1.3,1.7,0.735,0.7,0.9,1.6,1.4,0.6,0.0,0.9,1.1,6.0
32126.0,2025,4409.0,Ivica Zubac,,C,27.0,9.0,NBA,LAC,73,73.0,32.7,7.3,11.7,0.621,0.0,0.0,,7.3,11.7,0.621,0.621,1.9,3.0,0.647,3.8,8.8,12.6,2.5,0.7,1.2,1.6,2.2,16.5
32130.0,2025,4944.0,JT Thor,,PF,22.0,4.0,NBA,WAS,6,0.0,17.5,1.8,4.7,0.393,0.2,1.5,0.111,1.7,3.2,0.526,0.411,0.7,1.3,0.5,1.8,1.7,3.5,0.7,0.7,0.5,0.0,1.2,4.5
32131.0,2025,4723.0,Ja Morant,,PG,25.0,6.0,NBA,MEM,45,45.0,30.2,7.7,17.2,0.448,1.5,5.3,0.289,6.2,11.9,0.52,0.493,5.4,6.5,0.827,0.6,3.6,4.2,7.4,1.2,0.2,3.7,2.2,22.4
32132.0,2025,5245.0,Ja'Kobe Walter,,SG,20.0,1.0,NBA,TOR,48,14.0,20.8,2.9,7.4,0.395,1.1,3.4,0.323,1.8,4.0,0.458,0.47,1.3,1.6,0.779,1.1,1.9,2.9,1.5,0.8,0.2,0.9,1.8,8.2
32133.0,2025,5049.0,Jabari Smith Jr.,,PF,21.0,3.0,NBA,HOU,54,39.0,30.1,4.3,9.9,0.436,1.7,4.8,0.356,2.6,5.0,0.513,0.523,1.9,2.3,0.821,1.8,4.9,6.6,1.0,0.4,0.8,1.0,2.2,12.2
32134.0,2025,5050.0,Jabari Walker,,SF,22.0,3.0,NBA,POR,53,1.0,11.3,1.7,3.4,0.506,0.4,1.1,0.383,1.3,2.3,0.567,0.569,0.7,1.0,0.667,1.0,2.4,3.4,0.6,0.5,0.1,0.5,1.4,4.5
32138.0,2025,5053.0,Jaden Hardy,,SG,22.0,3.0,NBA,DAL,53,3.0,15.4,3.1,7.0,0.439,1.3,3.3,0.395,1.8,3.7,0.479,0.534,1.0,1.4,0.689,0.2,1.3,1.5,1.3,0.5,0.1,1.4,1.6,8.4
32139.0,2025,5054.0,Jaden Ivey,,SG,22.0,3.0,NBA,DET,30,30.0,29.9,6.3,13.8,0.46,2.1,5.1,0.409,4.2,8.6,0.49,0.536,2.8,3.9,0.733,1.3,2.8,4.1,4.0,0.9,0.4,3.0,2.2,17.6
32140.0,2025,4841.0,Jaden McDaniels,,PF,24.0,5.0,NBA,MIN,75,75.0,32.0,4.9,10.2,0.484,1.3,3.8,0.345,3.6,6.4,0.565,0.548,1.3,1.6,0.814,1.6,4.3,5.9,2.1,1.4,0.9,1.1,2.8,12.5
32143.0,2025,4946.0,Jaden Springer,,PG,22.0,4.0,NBA,UTA,11,0.0,10.5,1.2,2.5,0.464,0.4,1.3,0.286,0.8,1.3,0.643,0.536,0.7,1.1,0.667,0.5,0.9,1.4,1.4,0.6,0.3,0.6,1.1,3.5
32144.0,2025,4091.0,Jae Crowder,,PF,34.0,13.0,NBA,SAC,8,2.0,12.3,0.8,2.4,0.316,0.4,1.8,0.214,0.4,0.6,0.6,0.395,0.6,0.8,0.833,0.8,1.5,2.3,0.6,0.4,0.0,0.5,1.3,2.5
32145.0,2025,4842.0,Jae'Sean Tate,,SF,29.0,5.0,NBA,HOU,48,2.0,11.3,1.3,2.9,0.46,0.3,0.8,0.316,1.1,2.1,0.515,0.504,0.7,1.0,0.681,1.0,1.3,2.3,0.9,0.5,0.1,0.4,1.6,3.5
32148.0,2025,5151.0,Jaime Jaquez Jr.,,SF,23.0,2.0,NBA,MIA,62,16.0,20.9,3.0,6.8,0.446,0.5,1.7,0.308,2.5,5.1,0.492,0.485,1.6,2.2,0.756,1.3,3.1,4.3,2.4,1.0,0.2,1.5,1.2,8.3
32149.0,2025,5055.0,Jake LaRavia,,PF,23.0,3.0,NBA,TOT,66,0.0,20.4,2.4,5.1,0.475,0.9,2.2,0.423,1.5,3.0,0.513,0.564,1.2,1.7,0.678,1.4,2.6,3.9,2.4,0.9,0.3,1.3,2.0,6.9
32150.0,2025,5055.0,Jake LaRavia,,PF,23.0,3.0,NBA,MEM,47,0.0,20.9,2.5,5.1,0.49,0.9,1.9,0.444,1.7,3.2,0.517,0.573,1.4,2.0,0.698,1.4,2.9,4.4,2.8,0.9,0.4,1.5,2.0,7.3
32151.0,2025,5055.0,Jake LaRavia,,PF,23.0,3.0,NBA,SAC,19,0.0,19.3,2.2,5.1,0.438,1.1,2.7,0.385,1.2,2.3,0.5,0.542,0.6,1.0,0.579,1.2,1.6,2.8,1.3,0.9,0.2,0.9,2.1,6.1
32152.0,2025,4411.0,Jakob Poeltl,,C,29.0,9.0,NBA,TOR,55,54.0,29.7,6.4,10.2,0.63,0.0,0.1,0.333,6.4,10.1,0.632,0.631,1.7,2.6,0.669,3.3,6.4,9.7,2.8,1.2,1.2,1.9,3.1,14.6
32154.0,2025,4629.0,Jalen Brunson,,PG,28.0,7.0,NBA,NYK,61,61.0,35.4,9.1,18.7,0.49,2.3,6.0,0.384,6.9,12.7,0.541,0.552,5.7,7.0,0.825,0.4,2.6,3.0,7.4,1.0,0.1,2.5,2.2,26.3
32155.0,2025,5056.0,Jalen Duren,,C,21.0,3.0,NBA,DET,72,72.0,26.0,4.8,6.9,0.696,0.0,0.0,,4.8,6.9,0.696,0.696,2.1,3.1,0.677,3.5,6.7,10.2,2.6,0.7,1.1,1.7,3.3,11.7
32156.0,2025,4948.0,Jalen Green,,SG,22.0,4.0,NBA,HOU,76,76.0,33.5,7.6,17.8,0.425,2.9,8.3,0.352,4.7,9.5,0.488,0.507,3.4,4.2,0.816,0.6,4.2,4.7,3.4,0.9,0.3,2.5,1.6,21.5
32157.0,2025,5153.0,Jalen Hood-Schifino,,SG,21.0,2.0,NBA,TOT,10,0.0,19.4,2.6,6.2,0.419,1.0,3.1,0.323,1.6,3.1,0.516,0.5,1.6,1.9,0.842,0.2,1.2,1.4,2.2,0.4,0.7,1.4,1.4,7.8
32159.0,2025,5153.0,Jalen Hood-Schifino,,SG,21.0,2.0,NBA,PHI,8,0.0,22.5,3.1,7.6,0.41,1.3,3.9,0.323,1.9,3.8,0.5,0.492,1.8,2.1,0.824,0.1,1.5,1.6,2.6,0.5,0.8,1.6,1.4,9.3
32160.0,2025,4949.0,Jalen Johnson,,SF,23.0,4.0,NBA,ATL,36,36.0,35.7,7.5,15.1,0.5,1.2,3.9,0.312,6.3,11.1,0.566,0.541,2.6,3.5,0.746,1.7,8.3,10.0,5.0,1.6,1.0,2.9,1.9,18.9
32162.0,2025,5154.0,Jalen Pickett,,SG,25.0,2.0,NBA,DEN,42,0.0,11.7,1.3,3.2,0.421,0.7,1.7,0.397,0.6,1.4,0.45,0.53,0.1,0.1,0.75,0.2,1.0,1.2,1.9,0.4,0.1,0.4,0.7,3.4
32163.0,2025,4845.0,Jalen Smith,,C,24.0,5.0,NBA,CHI,60,1.0,15.1,3.0,6.4,0.467,1.2,3.6,0.329,1.8,2.8,0.643,0.559,1.1,1.4,0.817,1.4,4.2,5.6,1.0,0.3,0.7,0.6,1.6,8.2
32164.0,2025,4950.0,Jalen Suggs,,PG,23.0,4.0,NBA,ORL,35,35.0,28.6,5.6,13.7,0.41,2.2,6.9,0.314,3.5,6.8,0.506,0.489,2.8,3.1,0.882,0.7,3.4,4.0,3.7,1.5,0.9,2.9,2.8,16.2
32165.0,2025,5057.0,Jalen Williams,,SG,23.0,3.0,NBA,OKC,64,64.0,32.4,8.0,16.8,0.48,1.8,5.0,0.366,6.2,11.8,0.528,0.535,3.3,4.2,0.789,0.8,4.5,5.4,5.2,1.6,0.7,2.2,2.3,21.2
32166.0,2025,5156.0,Jalen Wilson,,PF,24.0,2.0,NBA,BRK,75,19.0,25.5,3.0,7.7,0.391,1.4,4.4,0.319,1.6,3.3,0.486,0.482,1.7,2.1,0.84,0.9,2.4,3.3,1.8,0.5,0.1,1.0,2.1,9.2
32167.0,2025,5058.0,Jamal Cain,,SF,25.0,3.0,NBA,NOP,30,0.0,10.9,1.0,2.7,0.378,0.5,1.6,0.298,0.6,1.2,0.486,0.463,0.6,0.9,0.654,0.7,1.2,1.9,0.5,0.4,0.3,0.4,1.0,3.1
32168.0,2025,4412.0,Jamal Murray,,PG,27.0,8.0,NBA,DEN,65,65.0,36.3,8.0,16.8,0.476,2.4,6.0,0.396,5.6,10.8,0.52,0.546,3.2,3.7,0.887,0.7,3.2,3.8,6.0,1.4,0.5,2.0,1.9,21.6
32169.0,2025,5250.0,Jamal Shead,,PG,22.0,1.0,NBA,TOR,69,7.0,18.8,2.6,6.3,0.416,0.9,2.8,0.328,1.7,3.5,0.486,0.489,0.6,0.8,0.754,0.4,1.1,1.5,4.0,0.7,0.1,1.5,2.0,6.8
32171.0,2025,3880.0,James Harden,,PG,35.0,16.0,NBA,LAC,72,72.0,35.1,6.5,16.4,0.4,3.0,8.7,0.348,3.5,7.7,0.458,0.492,6.4,7.3,0.875,0.7,5.1,5.8,8.6,1.5,0.7,4.4,2.1,22.5
32174.0,2025,5251.0,Jamison Battle,,SF,23.0,1.0,NBA,TOR,52,6.0,16.1,2.3,5.4,0.423,1.6,4.0,0.4,0.7,1.4,0.493,0.573,0.3,0.3,0.889,0.6,1.9,2.5,0.8,0.2,0.2,0.4,1.4,6.5
32175.0,2025,5157.0,Jarace Walker,,PF,21.0,2.0,NBA,IND,68,3.0,15.4,2.1,4.6,0.463,0.9,2.4,0.385,1.2,2.2,0.547,0.563,0.6,1.0,0.667,0.3,2.5,2.8,1.4,0.8,0.3,1.0,1.6,5.8
32176.0,2025,4953.0,Jared Butler,,SG,24.0,4.0,NBA,TOT,53,11.0,16.0,3.1,6.8,0.456,0.9,2.4,0.364,2.2,4.4,0.506,0.521,1.2,1.5,0.81,0.4,1.3,1.7,3.4,0.6,0.2,1.2,1.5,8.3
32177.0,2025,4953.0,Jared Butler,,PG,24.0,4.0,NBA,WAS,32,0.0,11.3,2.7,5.5,0.483,0.5,1.3,0.366,2.2,4.2,0.519,0.526,1.1,1.4,0.778,0.4,0.8,1.3,2.6,0.4,0.2,0.9,1.3,6.9
32178.0,2025,4953.0,Jared Butler,,SG,24.0,4.0,NBA,PHI,21,11.0,23.1,3.8,8.9,0.43,1.5,4.2,0.364,2.3,4.7,0.49,0.516,1.4,1.6,0.853,0.3,2.1,2.4,4.7,0.9,0.2,1.6,2.0,10.5
32179.0,2025,5252.0,Jared McCain,,SG,20.0,1.0,NBA,PHI,23,8.0,25.7,5.5,11.9,0.46,2.2,5.8,0.383,3.3,6.1,0.532,0.553,2.1,2.4,0.875,0.6,1.9,2.4,2.6,0.7,0.0,1.6,1.6,15.3
32180.0,2025,5060.0,Jared Rhoden,,SG,25.0,3.0,NBA,TOT,10,2.0,15.9,2.4,6.0,0.4,0.8,2.8,0.286,1.6,3.2,0.5,0.467,1.5,1.8,0.833,1.1,1.9,3.0,0.8,0.7,0.2,0.7,1.3,7.1
32182.0,2025,5060.0,Jared Rhoden,,SG,25.0,3.0,NBA,TOR,6,2.0,24.5,3.7,8.7,0.423,1.3,4.3,0.308,2.3,4.3,0.538,0.5,2.5,3.0,0.833,1.5,2.8,4.3,1.0,1.0,0.3,1.0,2.0,11.2
32183.0,2025,4631.0,Jaren Jackson Jr.,,C,25.0,7.0,NBA,MEM,68,68.0,29.5,8.1,16.4,0.496,2.0,5.1,0.381,6.2,11.3,0.548,0.555,4.2,5.4,0.776,1.2,4.5,5.7,2.1,1.3,1.6,2.1,3.4,22.4
32184.0,2025,4633.0,Jarred Vanderbilt,,PF,25.0,7.0,NBA,LAL,30,2.0,16.2,1.6,3.4,0.485,0.3,1.0,0.29,1.3,2.3,0.571,0.53,0.5,0.9,0.536,1.7,3.2,5.0,1.3,1.0,0.2,0.7,1.9,4.1
32185.0,2025,4515.0,Jarrett Allen,,C,26.0,8.0,NBA,CLE,75,75.0,28.5,5.6,8.0,0.706,0.0,0.1,0.0,5.6,7.9,0.711,0.706,2.5,3.5,0.724,2.7,7.3,10.0,1.9,1.0,0.9,1.2,1.6,13.8
32186.0,2025,4729.0,Javonte Green,,SG,31.0,6.0,NBA,TOT,62,18.0,19.2,1.9,4.2,0.444,0.7,2.1,0.359,1.1,2.1,0.526,0.533,0.9,1.2,0.73,0.9,2.4,3.3,0.8,1.0,0.5,0.5,1.5,5.4
32187.0,2025,4729.0,Javonte Green,,SG,31.0,6.0,NBA,NOP,50,18.0,21.8,2.0,4.5,0.446,0.8,2.2,0.352,1.2,2.3,0.534,0.531,1.0,1.3,0.758,1.0,2.6,3.6,0.9,1.1,0.6,0.6,1.5,5.8
32189.0,2025,4730.0,Jaxson Hayes,,C,24.0,6.0,NBA,LAL,50,29.0,19.8,2.9,4.0,0.731,0.0,0.1,0.0,2.9,4.0,0.742,0.731,1.1,1.7,0.663,1.4,3.4,4.7,1.1,0.5,0.9,0.8,2.4,7.0
32190.0,2025,4957.0,Jay Huff,,C,26.0,4.0,NBA,MEM,60,2.0,11.8,2.5,4.8,0.514,1.3,3.2,0.411,1.2,1.6,0.719,0.65,0.7,0.9,0.778,0.5,1.6,2.1,0.6,0.2,0.8,0.5,1.3,6.9
32191.0,2025,4414.0,Jaylen Brown,,SF,28.0,9.0,NBA,BOS,59,59.0,34.9,8.3,18.1,0.461,1.8,5.8,0.319,6.5,12.3,0.528,0.512,3.9,5.2,0.76,1.4,4.5,5.9,4.6,1.2,0.3,2.6,2.5,22.4
32192.0,2025,5253.0,Jaylen Clark,,SG,23.0,1.0,NBA,MIN,33,4.0,14.3,1.7,3.4,0.487,0.7,1.5,0.44,1.0,1.9,0.524,0.584,0.7,0.9,0.759,0.7,0.7,1.4,0.6,1.1,0.1,0.2,1.7,4.7
32193.0,2025,5254.0,Jaylen Martin,,SF,21.0,1.0,NBA,TOT,14,0.0,13.4,1.9,4.1,0.448,0.4,1.3,0.333,1.4,2.9,0.5,0.5,0.4,0.4,1.0,0.6,2.1,2.7,0.9,0.3,0.0,0.7,0.7,4.5
32195.0,2025,5254.0,Jaylen Martin,,SF,21.0,1.0,NBA,WAS,11,0.0,16.5,2.3,5.1,0.446,0.5,1.5,0.294,1.8,3.5,0.513,0.491,0.5,0.5,1.0,0.8,2.6,3.5,1.2,0.4,0.0,0.9,0.8,5.5
32196.0,2025,4732.0,Jaylen Nowell,,SG,25.0,6.0,NBA,NOP,8,0.0,21.0,3.3,9.1,0.356,1.0,3.4,0.296,2.3,5.8,0.391,0.411,0.9,1.4,0.636,0.8,1.8,2.5,2.3,0.1,0.5,1.0,1.1,8.4
32197.0,2025,5255.0,Jaylen Wells,,SG,21.0,1.0,NBA,MEM,75,70.0,25.8,3.7,8.7,0.426,1.8,5.0,0.356,1.9,3.7,0.522,0.529,1.4,1.7,0.827,1.1,2.2,3.3,1.7,0.5,0.1,0.9,1.9,10.6
32198.0,2025,5062.0,Jaylin Williams,,PF,22.0,3.0,NBA,OKC,44,7.0,16.6,2.0,4.7,0.427,1.2,3.3,0.378,0.8,1.4,0.54,0.558,0.5,0.6,0.75,1.0,4.5,5.6,2.5,0.5,0.6,0.7,1.7,5.7
32200.0,2025,4518.0,Jayson Tatum,,PF,26.0,8.0,NBA,BOS,68,68.0,36.4,9.3,20.5,0.454,3.5,10.1,0.348,5.8,10.3,0.559,0.541,5.0,6.2,0.814,0.7,8.1,8.8,5.9,1.1,0.5,3.0,2.1,27.1
32203.0,2025,4959.0,Jeff Dowtin,,PG,27.0,4.0,NBA,PHI,39,3.0,14.4,2.6,5.2,0.49,0.6,1.6,0.393,1.9,3.7,0.531,0.549,0.7,1.0,0.744,0.3,1.2,1.5,1.8,0.5,0.3,0.4,0.7,6.5
32204.0,2025,3761.0,Jeff Green,,PF,38.0,17.0,NBA,HOU,28,2.0,12.1,1.8,3.5,0.515,0.8,2.1,0.367,1.0,1.3,0.757,0.629,0.6,0.7,0.85,0.4,1.4,1.7,0.5,0.2,0.1,0.3,1.0,5.0
32205.0,2025,4257.0,Jerami Grant,,PF,30.0,11.0,NBA,POR,47,47.0,32.4,4.6,12.2,0.373,2.3,6.3,0.365,2.3,5.9,0.381,0.467,3.0,3.5,0.849,0.6,2.9,3.5,2.1,0.9,1.0,1.4,2.3,14.4
32206.0,2025,4960.0,Jeremiah Robinson-Earl,,PF,24.0,4.0,NBA,NOP,59,6.0,18.1,2.3,4.9,0.467,0.8,2.3,0.35,1.5,2.6,0.572,0.55,0.7,0.8,0.837,1.5,2.9,4.4,1.2,0.6,0.1,0.7,1.2,6.1
32207.0,2025,5064.0,Jeremy Sochan,,PF,21.0,3.0,NBA,SAS,54,23.0,25.3,4.6,8.7,0.535,0.5,1.7,0.308,4.1,7.0,0.59,0.565,1.6,2.3,0.696,2.4,4.2,6.5,2.4,0.8,0.5,1.6,2.4,11.4
32208.0,2025,4961.0,Jericho Sims,,C,26.0,4.0,NBA,TOT,53,5.0,11.9,0.8,1.3,0.634,0.0,0.0,,0.8,1.3,0.634,0.634,0.2,0.2,0.615,1.3,2.4,3.7,0.6,0.2,0.4,0.6,1.2,1.8
32209.0,2025,4961.0,Jericho Sims,,C,26.0,4.0,NBA,NYK,39,5.0,10.8,0.7,1.2,0.609,0.0,0.0,,0.7,1.2,0.609,0.609,0.2,0.3,0.615,1.3,2.0,3.3,0.6,0.2,0.3,0.5,1.2,1.6
32210.0,2025,4961.0,Jericho Sims,,C,26.0,4.0,NBA,MIL,14,0.0,15.0,1.2,1.8,0.68,0.0,0.0,,1.2,1.8,0.68,0.68,0.0,0.0,,1.4,3.4,4.9,0.8,0.1,0.6,0.9,1.4,2.4
32212.0,2025,5160.0,Jett Howard,,SF,21.0,2.0,NBA,ORL,57,0.0,11.1,1.5,4.1,0.356,0.9,3.0,0.298,0.6,1.1,0.508,0.464,0.3,0.4,0.75,0.4,0.8,1.2,0.7,0.2,0.2,0.5,1.0,4.1
32214.0,2025,4023.0,Jimmy Butler,,SF,35.0,14.0,NBA,TOT,47,47.0,31.3,5.4,11.0,0.493,0.5,1.9,0.278,4.9,9.1,0.539,0.517,5.7,6.9,0.824,2.4,3.3,5.7,5.5,1.2,0.3,1.4,1.0,17.1
32215.0,2025,4023.0,Jimmy Butler,,PF,35.0,14.0,NBA,MIA,25,25.0,30.6,5.7,10.5,0.54,0.5,1.4,0.361,5.2,9.1,0.568,0.565,5.2,6.4,0.801,2.2,3.0,5.2,4.8,1.1,0.4,1.2,0.9,17.0
32216.0,2025,4023.0,Jimmy Butler,,SF,35.0,14.0,NBA,GSW,22,22.0,32.0,5.1,11.5,0.445,0.5,2.5,0.222,4.6,9.1,0.505,0.469,6.3,7.4,0.847,2.6,3.5,6.1,6.3,1.4,0.3,1.7,1.0,17.1
32217.0,2025,4962.0,Jock Landale,,C,29.0,4.0,NBA,HOU,38,1.0,10.8,1.7,3.4,0.508,0.2,0.5,0.4,1.5,2.9,0.527,0.538,0.6,0.9,0.667,1.3,1.8,3.0,0.8,0.3,0.2,0.5,1.1,4.3
32219.0,2025,4416.0,Joel Embiid,,C,30.0,9.0,NBA,PHI,19,19.0,30.2,7.4,16.6,0.444,1.2,4.1,0.299,6.2,12.5,0.492,0.481,7.8,8.9,0.882,1.9,6.3,8.2,4.5,0.7,0.9,3.3,2.2,23.8
32220.0,2025,4519.0,John Collins,,PF,27.0,8.0,NBA,UTA,40,31.0,30.5,7.0,13.3,0.527,1.5,3.7,0.399,5.5,9.6,0.577,0.583,3.5,4.1,0.848,2.2,6.0,8.2,2.0,1.0,1.0,2.6,2.9,19.0
32221.0,2025,4734.0,John Konchar,,SG,28.0,6.0,NBA,MEM,42,4.0,12.2,0.9,2.0,0.43,0.5,1.4,0.356,0.4,0.6,0.593,0.552,0.2,0.2,0.875,0.8,2.5,3.3,0.9,0.5,0.3,0.4,0.8,2.4
32224.0,2025,5067.0,Johnny Juzang,,SG,23.0,3.0,NBA,UTA,58,13.0,18.7,3.0,6.9,0.439,1.7,4.5,0.373,1.3,2.3,0.566,0.561,0.7,0.8,0.837,0.7,2.2,2.8,1.0,0.5,0.1,0.5,1.9,8.4
32225.0,2025,4100.0,Jonas Valančiūnas,,C,32.0,13.0,NBA,TOT,74,21.0,19.4,4.3,8.0,0.542,0.1,0.5,0.229,4.2,7.5,0.562,0.549,1.8,2.0,0.874,2.4,5.5,7.9,2.1,0.5,0.6,1.5,2.2,10.5
32226.0,2025,4100.0,Jonas Valančiūnas,,C,32.0,13.0,NBA,WAS,49,12.0,20.1,4.7,8.6,0.547,0.1,0.6,0.259,4.6,8.1,0.567,0.556,1.9,2.2,0.896,2.4,5.8,8.2,2.2,0.4,0.6,1.8,2.0,11.5
32227.0,2025,4100.0,Jonas Valančiūnas,,C,32.0,13.0,NBA,SAC,25,9.0,18.0,3.6,6.7,0.53,0.0,0.3,0.125,3.5,6.4,0.55,0.533,1.5,1.8,0.822,2.3,4.9,7.2,1.9,0.5,0.7,1.0,2.7,8.6
32228.0,2025,4522.0,Jonathan Isaac,,PF,27.0,6.0,NBA,ORL,66,0.0,15.3,1.8,4.5,0.406,0.6,2.2,0.262,1.3,2.3,0.542,0.47,1.0,1.4,0.67,1.6,2.7,4.4,0.5,0.9,1.1,0.4,1.3,5.2
32229.0,2025,4966.0,Jonathan Kuminga,,PF,22.0,4.0,NBA,GSW,41,10.0,25.0,5.7,12.5,0.455,1.0,3.3,0.319,4.6,9.2,0.504,0.497,3.5,5.3,0.665,1.2,3.4,4.6,2.2,0.9,0.5,1.5,1.9,16.0
32230.0,2025,5260.0,Jonathan Mogbo,,PF,23.0,1.0,NBA,TOR,56,13.0,18.9,2.2,5.0,0.442,0.3,1.0,0.286,1.9,4.0,0.482,0.471,1.0,1.3,0.72,1.7,2.8,4.5,1.8,0.8,0.5,0.9,2.1,5.6
32231.0,2025,4265.0,Jordan Clarkson,,SG,32.0,11.0,NBA,UTA,37,9.0,26.0,5.4,13.3,0.408,2.3,6.3,0.362,3.2,7.1,0.448,0.493,3.1,3.9,0.797,0.7,2.5,3.2,3.7,0.8,0.2,2.3,1.4,16.2
32232.0,2025,4967.0,Jordan Goodwin,,PG,26.0,4.0,NBA,LAL,22,5.0,19.4,2.4,5.0,0.468,1.0,2.4,0.404,1.4,2.7,0.525,0.563,0.4,0.5,0.818,1.4,2.2,3.6,1.4,1.0,0.5,0.8,1.6,6.1
32233.0,2025,5162.0,Jordan Hawkins,,SG,22.0,2.0,NBA,NOP,56,9.0,23.6,3.7,9.9,0.372,2.0,5.9,0.331,1.7,4.0,0.433,0.471,1.4,1.8,0.816,0.4,2.4,2.8,1.2,0.5,0.4,1.0,0.9,10.8
32237.0,2025,5163.0,Jordan Miller,,SF,25.0,2.0,NBA,LAC,34,0.0,12.1,1.7,3.9,0.435,0.2,1.1,0.216,1.4,2.8,0.521,0.466,0.8,1.0,0.788,0.7,1.0,1.7,1.0,0.5,0.1,0.7,0.7,4.4
32238.0,2025,4737.0,Jordan Poole,,SG,25.0,6.0,NBA,WAS,65,65.0,29.7,6.7,15.6,0.43,3.5,9.2,0.381,3.2,6.4,0.5,0.542,3.6,4.1,0.883,0.4,2.6,3.0,4.5,1.3,0.4,3.1,3.0,20.5
32240.0,2025,4969.0,Jose Alvarado,,PG,26.0,4.0,NBA,NOP,51,18.0,24.1,3.4,8.7,0.391,1.9,5.3,0.364,1.5,3.4,0.431,0.501,0.9,1.1,0.81,0.5,1.9,2.4,4.6,1.4,0.3,1.3,1.7,9.6
32242.0,2025,4971.0,Josh Giddey,,PG,22.0,4.0,NBA,CHI,66,65.0,29.9,5.2,11.2,0.464,1.5,4.0,0.376,3.7,7.2,0.513,0.531,2.3,3.0,0.776,1.8,6.0,7.8,7.0,1.2,0.6,2.8,1.8,14.2
32243.0,2025,4850.0,Josh Green,,SG,24.0,5.0,NBA,CHO,67,66.0,28.0,2.7,6.2,0.429,1.4,3.7,0.39,1.2,2.6,0.485,0.544,0.7,1.1,0.681,0.8,1.7,2.6,1.6,1.1,0.2,1.0,2.5,7.5
32244.0,2025,4525.0,Josh Hart,,SG,29.0,8.0,NBA,NYK,71,71.0,37.7,5.3,10.0,0.531,1.1,3.3,0.332,4.2,6.7,0.628,0.585,2.1,2.7,0.778,2.1,7.5,9.7,5.8,1.5,0.4,2.0,2.6,13.8
32246.0,2025,4643.0,Josh Okogie,,SG,26.0,7.0,NBA,TOT,34,3.0,15.5,2.4,5.1,0.462,0.7,2.0,0.368,1.6,3.1,0.524,0.535,1.3,1.7,0.746,1.2,1.7,2.9,0.8,1.3,0.4,0.8,1.2,6.7
32247.0,2025,4643.0,Josh Okogie,,SG,26.0,7.0,NBA,PHO,25,1.0,14.0,2.2,4.6,0.491,0.6,1.7,0.381,1.6,2.9,0.556,0.561,0.9,1.3,0.688,1.3,1.6,2.9,0.6,0.8,0.4,0.6,1.1,6.0
32248.0,2025,4643.0,Josh Okogie,,SG,26.0,7.0,NBA,CHO,9,2.0,19.4,2.7,6.6,0.407,1.0,2.9,0.346,1.7,3.7,0.455,0.483,2.4,3.0,0.815,1.0,2.0,3.0,1.3,2.4,0.6,1.1,1.4,8.8
32249.0,2025,4336.0,Josh Richardson,,SG,31.0,10.0,NBA,MIA,8,0.0,18.8,1.4,4.8,0.289,0.8,2.8,0.273,0.6,2.0,0.313,0.368,0.5,0.5,1.0,0.8,0.8,1.5,1.5,1.0,0.1,1.0,2.1,4.0
32250.0,2025,3891.0,Jrue Holiday,,PG,34.0,16.0,NBA,BOS,58,58.0,30.6,4.2,9.3,0.446,1.8,5.1,0.35,2.4,4.3,0.56,0.542,1.1,1.2,0.914,1.2,3.1,4.3,3.9,1.1,0.4,1.3,1.7,11.2
32251.0,2025,5070.0,Julian Champagnie,,SF,23.0,3.0,NBA,SAS,74,26.0,23.1,3.2,7.9,0.408,2.1,5.7,0.358,1.2,2.1,0.541,0.539,1.0,1.1,0.904,0.9,3.0,3.8,1.4,0.8,0.4,0.9,1.4,9.5
32252.0,2025,5166.0,Julian Phillips,,SF,21.0,2.0,NBA,CHI,73,3.0,14.1,1.5,3.5,0.436,0.6,1.9,0.326,0.9,1.6,0.563,0.523,0.7,1.0,0.771,0.8,1.2,2.1,0.5,0.5,0.2,0.4,1.4,4.4
32253.0,2025,5167.0,Julian Strawther,,SG,22.0,2.0,NBA,DEN,61,4.0,22.1,3.4,7.7,0.434,1.5,4.3,0.357,1.8,3.4,0.531,0.534,1.1,1.3,0.829,0.3,1.9,2.2,1.3,0.6,0.2,0.9,2.4,9.4
32254.0,2025,4266.0,Julius Randle,,PF,30.0,11.0,NBA,MIN,62,62.0,32.0,6.5,13.6,0.482,1.5,4.4,0.328,5.1,9.2,0.555,0.535,4.2,5.2,0.812,2.1,4.9,7.0,4.7,0.7,0.2,2.8,2.5,18.8
32255.0,2025,4973.0,Justin Champagnie,,SF,23.0,4.0,NBA,WAS,55,24.0,20.0,3.0,6.0,0.494,1.1,2.9,0.376,1.9,3.1,0.601,0.583,0.8,1.1,0.714,1.6,3.5,5.1,0.9,1.0,0.6,0.8,1.7,7.8
32256.0,2025,5261.0,Justin Edwards,,SF,21.0,1.0,NBA,PHI,41,23.0,26.3,4.0,8.7,0.459,1.6,4.4,0.37,2.4,4.3,0.551,0.553,0.8,1.1,0.705,1.1,2.3,3.3,1.6,1.0,0.4,1.0,2.3,10.4
32258.0,2025,4267.0,Jusuf Nurkić,,C,30.0,11.0,NBA,TOT,45,29.0,20.6,2.9,6.3,0.457,0.6,2.0,0.308,2.2,4.2,0.529,0.507,1.6,2.4,0.673,1.7,6.3,8.0,2.2,0.8,0.7,1.8,2.5,8.0
32259.0,2025,4267.0,Jusuf Nurkić,,C,30.0,11.0,NBA,PHO,25,23.0,23.7,3.0,6.5,0.454,0.8,2.4,0.322,2.2,4.2,0.529,0.512,1.9,2.8,0.696,1.8,7.3,9.2,1.9,0.9,0.6,2.3,3.1,8.6
32260.0,2025,4267.0,Jusuf Nurkić,,C,30.0,11.0,NBA,CHO,20,6.0,16.9,2.8,6.0,0.462,0.5,1.6,0.281,2.3,4.4,0.529,0.5,1.3,2.1,0.634,1.5,5.0,6.5,2.6,0.7,0.8,1.3,1.7,7.3
32261.0,2025,4852.0,KJ Martin,,PF,24.0,5.0,NBA,TOT,42,16.0,21.2,2.5,4.6,0.544,0.4,1.4,0.263,2.1,3.2,0.662,0.583,0.9,1.1,0.783,0.7,2.2,2.9,1.1,0.4,0.5,0.5,2.4,6.2
32262.0,2025,4852.0,KJ Martin,,PF,24.0,5.0,NBA,PHI,24,7.0,20.0,2.5,4.1,0.616,0.3,0.9,0.381,2.2,3.3,0.679,0.657,1.0,1.2,0.828,0.9,2.1,3.0,0.8,0.5,0.7,0.5,2.6,6.4
32263.0,2025,4852.0,KJ Martin,,SF,24.0,5.0,NBA,UTA,18,9.0,22.8,2.4,5.2,0.468,0.4,2.0,0.194,2.1,3.2,0.638,0.505,0.7,0.9,0.706,0.4,2.3,2.8,1.5,0.3,0.3,0.6,2.1,5.9
32264.0,2025,5262.0,KJ Simpson,,PG,22.0,1.0,NBA,CHO,29,8.0,21.8,2.6,7.8,0.335,0.9,3.4,0.25,1.8,4.4,0.402,0.39,1.3,1.6,0.83,1.2,1.7,2.9,2.9,0.9,0.2,1.5,1.6,7.4
32265.0,2025,4974.0,Kai Jones,,C,24.0,3.0,NBA,TOT,36,6.0,11.0,1.9,2.4,0.791,0.0,0.1,0.25,1.9,2.3,0.817,0.797,0.6,0.8,0.75,0.9,2.0,2.9,0.6,0.3,0.6,0.4,1.1,4.4
32267.0,2025,4974.0,Kai Jones,,C,24.0,3.0,NBA,DAL,8,6.0,23.6,5.3,6.3,0.84,0.1,0.3,0.5,5.1,6.0,0.854,0.85,1.5,2.0,0.75,2.4,5.1,7.5,1.4,0.8,0.9,0.5,2.3,12.1
32268.0,2025,4339.0,Karl-Anthony Towns,,C,29.0,10.0,NBA,NYK,67,67.0,35.0,8.8,16.9,0.521,2.1,4.9,0.425,6.7,12.0,0.56,0.582,4.6,5.6,0.827,3.0,9.9,12.8,3.1,1.0,0.7,2.6,3.5,24.3
32269.0,2025,5263.0,Karlo Matković,,PF,23.0,1.0,NBA,NOP,37,6.0,18.3,2.8,5.0,0.565,0.4,1.4,0.32,2.4,3.7,0.654,0.608,0.8,1.1,0.795,1.6,3.2,4.8,1.1,0.5,1.0,1.0,2.5,6.9
32270.0,2025,4032.0,Kawhi Leonard,,SF,33.0,13.0,NBA,LAC,31,31.0,31.1,8.0,16.3,0.488,2.0,5.1,0.392,6.0,11.2,0.532,0.549,2.6,3.2,0.8,1.0,4.9,5.8,3.0,1.5,0.5,2.0,1.5,20.5
32271.0,2025,5264.0,Keaton Wallace,,PG,25.0,1.0,NBA,ATL,28,4.0,16.2,2.0,4.9,0.413,0.9,2.6,0.356,1.1,2.3,0.477,0.507,0.4,0.4,1.0,0.3,1.1,1.4,2.2,0.8,0.3,1.0,1.3,5.4
32272.0,2025,5072.0,Keegan Murray,,PF,24.0,3.0,NBA,SAC,72,72.0,34.7,4.8,10.8,0.447,2.1,5.9,0.349,2.8,5.0,0.563,0.542,0.8,1.0,0.829,2.0,4.8,6.7,1.4,0.8,0.9,0.8,2.6,12.6
32273.0,2025,5265.0,Keion Brooks Jr.,,SF,24.0,1.0,NBA,NOP,7,1.0,17.4,2.9,5.3,0.541,0.9,2.0,0.429,2.0,3.3,0.609,0.622,0.7,1.1,0.625,0.6,2.6,3.1,1.0,0.4,0.9,0.7,1.9,7.3
32274.0,2025,5266.0,Kel'el Ware,,C,20.0,1.0,NBA,MIA,57,29.0,21.6,3.9,6.9,0.562,0.6,1.8,0.317,3.3,5.2,0.646,0.603,0.7,1.0,0.691,1.7,5.5,7.2,0.9,0.6,1.1,1.0,1.7,9.0
32275.0,2025,4746.0,Keldon Johnson,,SF,25.0,6.0,NBA,SAS,71,0.0,23.9,4.8,9.9,0.484,1.2,3.6,0.331,3.6,6.3,0.57,0.543,2.0,2.6,0.781,1.4,3.2,4.7,1.6,0.7,0.3,0.9,1.5,12.8
32276.0,2025,4177.0,Kelly Olynyk,,C,33.0,12.0,NBA,TOT,41,19.0,20.0,3.0,6.0,0.504,0.8,1.8,0.413,2.3,4.2,0.543,0.567,1.7,2.2,0.789,1.4,3.4,4.8,2.9,0.8,0.4,1.8,2.8,8.6
32277.0,2025,4177.0,Kelly Olynyk,,C,33.0,12.0,NBA,TOR,24,2.0,16.0,2.5,4.9,0.5,0.8,1.8,0.442,1.7,3.1,0.533,0.581,1.4,1.8,0.791,1.0,2.7,3.7,2.3,0.7,0.3,1.5,2.5,7.1
32278.0,2025,4177.0,Kelly Olynyk,,C,33.0,12.0,NBA,NOP,17,17.0,25.8,3.9,7.6,0.508,0.7,1.9,0.375,3.2,5.8,0.551,0.554,2.2,2.8,0.787,1.9,4.5,6.4,3.8,0.9,0.5,2.2,3.3,10.6
32279.0,2025,4341.0,Kelly Oubre Jr.,,SF,29.0,10.0,NBA,PHI,60,57.0,34.6,5.8,12.4,0.47,1.2,4.0,0.293,4.6,8.3,0.555,0.518,2.3,3.1,0.751,1.6,4.5,6.1,1.8,1.5,0.5,1.3,3.0,15.1
32280.0,2025,4646.0,Kenrich Williams,,PF,30.0,7.0,NBA,OKC,62,5.0,15.8,2.3,4.8,0.486,1.0,2.4,0.405,1.4,2.4,0.568,0.588,0.4,0.5,0.806,0.9,2.5,3.4,1.4,0.6,0.1,0.5,1.6,6.0
32281.0,2025,4178.0,Kentavious Caldwell-Pope,,SG,31.0,12.0,NBA,ORL,72,72.0,30.1,3.1,7.2,0.43,1.4,4.3,0.33,1.7,2.9,0.58,0.529,1.0,1.2,0.86,0.5,1.8,2.2,1.7,1.3,0.5,0.8,1.9,8.6
32282.0,2025,5076.0,Keon Ellis,,SG,25.0,3.0,NBA,SAC,73,21.0,23.7,2.8,5.8,0.488,1.7,4.0,0.436,1.1,1.8,0.6,0.637,1.0,1.2,0.845,0.7,1.8,2.6,1.5,1.5,0.7,0.9,2.2,8.4
32283.0,2025,4976.0,Keon Johnson,,SG,22.0,4.0,NBA,BRK,74,51.0,24.3,3.8,10.0,0.383,1.6,5.1,0.31,2.2,4.9,0.458,0.462,1.3,1.6,0.769,0.8,2.9,3.7,2.1,1.1,0.4,1.4,2.7,10.5
32285.0,2025,4977.0,Kessler Edwards,,SF,24.0,4.0,NBA,DAL,40,18.0,15.2,1.7,3.4,0.496,0.6,1.4,0.407,1.1,2.0,0.556,0.578,0.3,0.3,0.923,0.6,2.3,2.9,1.1,0.5,0.5,0.4,1.6,4.2
32286.0,2025,3770.0,Kevin Durant,,PF,36.0,17.0,NBA,PHO,62,62.0,36.5,9.5,18.1,0.527,2.6,6.0,0.43,7.0,12.1,0.574,0.598,4.9,5.8,0.839,0.4,5.7,6.0,4.2,0.8,1.2,3.1,1.7,26.6
32287.0,2025,4647.0,Kevin Huerter,,SG,26.0,7.0,NBA,TOT,63,25.0,23.8,3.6,8.6,0.414,1.8,5.6,0.323,1.7,3.0,0.585,0.519,0.5,0.7,0.723,0.5,2.6,3.0,2.2,1.0,0.3,1.0,1.7,9.5
32288.0,2025,4647.0,Kevin Huerter,,SG,26.0,7.0,NBA,SAC,43,15.0,20.9,3.0,7.2,0.413,1.4,4.8,0.302,1.5,2.4,0.629,0.513,0.5,0.7,0.714,0.4,2.3,2.8,1.7,0.8,0.4,0.9,1.6,7.9
32289.0,2025,4647.0,Kevin Huerter,,SG,26.0,7.0,NBA,CHI,20,10.0,30.0,4.8,11.6,0.416,2.6,7.4,0.351,2.2,4.2,0.53,0.528,0.7,1.0,0.737,0.5,3.0,3.5,3.1,1.3,0.3,1.3,1.9,12.9
32291.0,2025,3830.0,Kevin Love,,PF,36.0,17.0,NBA,MIA,23,9.0,10.9,1.8,5.0,0.357,1.0,2.9,0.358,0.7,2.1,0.354,0.461,0.7,1.0,0.696,1.0,3.1,4.1,1.0,0.7,0.2,0.6,0.9,5.3
32293.0,2025,4749.0,Kevin Porter Jr.,,SG,24.0,5.0,NBA,TOT,68,3.0,19.0,3.7,8.4,0.439,0.7,2.3,0.299,3.0,6.1,0.492,0.48,1.5,2.0,0.756,0.5,3.0,3.5,3.2,1.0,0.2,1.9,1.5,9.6
32294.0,2025,4749.0,Kevin Porter Jr.,,SG,24.0,5.0,NBA,LAC,45,2.0,19.6,3.8,9.0,0.423,0.6,2.4,0.245,3.2,6.7,0.485,0.455,1.1,1.7,0.645,0.6,2.9,3.6,3.2,1.0,0.2,1.9,1.6,9.3
32295.0,2025,4749.0,Kevin Porter Jr.,,SG,24.0,5.0,NBA,MIL,23,1.0,17.8,3.5,7.3,0.479,0.9,2.2,0.412,2.6,5.0,0.509,0.542,2.3,2.6,0.898,0.2,3.2,3.4,3.3,1.0,0.1,1.9,1.5,10.2
32296.0,2025,4342.0,Kevon Looney,,C,28.0,10.0,NBA,GSW,68,6.0,15.1,2.0,3.8,0.514,0.0,0.1,0.25,1.9,3.8,0.518,0.515,0.7,1.3,0.551,2.5,3.7,6.3,1.6,0.6,0.5,0.5,2.1,4.6
32297.0,2025,5170.0,Keyonte George,,PG,21.0,2.0,NBA,UTA,61,32.0,31.2,5.3,13.6,0.392,2.6,7.5,0.343,2.8,6.1,0.452,0.486,3.5,4.3,0.81,0.4,3.3,3.7,5.7,0.7,0.1,2.7,1.7,16.7
32298.0,2025,4107.0,Khris Middleton,,SF,33.0,13.0,NBA,TOT,37,21.0,22.8,4.3,9.1,0.475,1.3,3.6,0.361,3.0,5.5,0.549,0.546,1.9,2.3,0.857,0.4,3.4,3.7,4.1,0.9,0.2,1.5,2.0,11.9
32299.0,2025,4107.0,Khris Middleton,,SF,33.0,13.0,NBA,MIL,23,7.0,23.2,4.7,9.2,0.512,1.5,3.7,0.407,3.2,5.4,0.584,0.595,1.7,2.0,0.848,0.2,3.5,3.7,4.4,0.7,0.2,1.6,2.3,12.6
32300.0,2025,4107.0,Khris Middleton,,SF,33.0,13.0,NBA,WAS,14,14.0,22.1,3.7,9.0,0.413,0.9,3.4,0.277,2.8,5.6,0.494,0.464,2.4,2.7,0.868,0.6,3.1,3.7,3.4,1.3,0.2,1.4,1.6,10.7
32301.0,2025,4855.0,Killian Hayes,,PG,23.0,5.0,NBA,BRK,6,5.0,27.0,3.0,7.2,0.419,1.3,3.5,0.381,1.7,3.7,0.455,0.512,1.7,2.0,0.833,0.8,2.2,3.0,5.2,0.7,0.7,1.5,2.2,9.0
32302.0,2025,4036.0,Klay Thompson,,SF,34.0,12.0,NBA,DAL,67,67.0,27.6,5.1,12.5,0.411,3.0,7.8,0.39,2.1,4.7,0.446,0.533,1.0,1.1,0.905,0.7,2.9,3.6,2.1,0.7,0.4,1.3,1.2,14.3
32304.0,2025,5172.0,Kobe Bufkin,,SG,21.0,2.0,NBA,ATL,10,0.0,12.4,1.8,4.7,0.383,0.4,1.9,0.211,1.4,2.8,0.5,0.426,1.3,1.8,0.722,0.5,1.6,2.1,1.7,0.3,0.2,0.8,0.9,5.3
32305.0,2025,4420.0,Kris Dunn,,PG,30.0,9.0,NBA,LAC,67,51.0,23.9,2.6,6.0,0.428,1.0,3.0,0.314,1.6,2.9,0.546,0.508,0.2,0.3,0.682,0.8,2.7,3.5,2.9,1.7,0.4,1.0,2.7,6.3
32306.0,2025,5173.0,Kris Murray,,SF,24.0,2.0,NBA,POR,62,4.0,14.0,1.6,3.7,0.432,0.4,1.5,0.242,1.2,2.1,0.568,0.482,0.3,0.7,0.413,1.0,1.4,2.4,0.8,0.5,0.2,0.5,0.9,3.8
32307.0,2025,4343.0,Kristaps Porziņģis,,C,29.0,9.0,NBA,BOS,39,39.0,29.0,6.6,13.6,0.487,2.3,5.8,0.404,4.3,7.9,0.547,0.572,3.8,4.7,0.814,1.7,5.2,6.9,2.1,0.8,1.6,1.3,2.8,19.4
32308.0,2025,4271.0,Kyle Anderson,,PF,31.0,11.0,NBA,TOT,54,4.0,15.3,2.1,4.6,0.462,0.4,1.2,0.369,1.7,3.4,0.495,0.51,0.7,1.0,0.712,0.8,2.3,3.1,2.3,0.6,0.4,0.6,1.2,5.4
32309.0,2025,4271.0,Kyle Anderson,,PF,31.0,11.0,NBA,GSW,36,3.0,15.0,2.1,4.7,0.45,0.5,1.4,0.365,1.6,3.3,0.487,0.506,0.5,0.8,0.667,0.8,2.3,3.1,2.3,0.7,0.6,0.6,1.1,5.3
32310.0,2025,4271.0,Kyle Anderson,,SF,31.0,11.0,NBA,MIA,18,1.0,15.9,2.2,4.4,0.488,0.3,0.7,0.385,1.9,3.7,0.507,0.519,1.1,1.4,0.76,1.0,2.3,3.3,2.3,0.5,0.2,0.7,1.5,5.7
32311.0,2025,5269.0,Kyle Filipowski,,C,21.0,1.0,NBA,UTA,66,21.0,20.4,3.4,6.6,0.516,1.1,2.9,0.381,2.3,3.7,0.619,0.599,1.3,2.0,0.641,1.4,4.3,5.7,1.9,0.6,0.2,1.4,2.3,9.2
32312.0,2025,4534.0,Kyle Kuzma,,PF,29.0,8.0,NBA,TOT,57,54.0,30.3,5.7,13.4,0.424,1.4,4.9,0.289,4.3,8.6,0.501,0.477,2.1,3.3,0.644,0.8,5.2,6.1,2.4,0.5,0.2,2.2,1.8,14.9
32313.0,2025,4534.0,Kyle Kuzma,,PF,29.0,8.0,NBA,WAS,32,30.0,27.7,6.0,14.2,0.42,1.4,5.0,0.281,4.6,9.2,0.495,0.469,1.8,3.1,0.602,0.8,4.9,5.8,2.5,0.6,0.2,2.3,1.6,15.2
32314.0,2025,4534.0,Kyle Kuzma,,PF,29.0,8.0,NBA,MIL,25,24.0,33.5,5.4,12.4,0.431,1.4,4.7,0.299,4.0,7.8,0.51,0.487,2.5,3.6,0.689,0.8,5.6,6.4,2.2,0.4,0.2,2.2,2.0,14.6
32315.0,2025,3685.0,Kyle Lowry,,PG,38.0,19.0,NBA,PHI,33,12.0,18.9,1.2,3.4,0.351,0.8,2.5,0.337,0.3,0.8,0.393,0.477,0.8,1.0,0.818,0.3,1.6,2.0,2.8,0.9,0.3,0.6,1.8,4.0
32317.0,2025,4037.0,Kyrie Irving,,SG,32.0,14.0,NBA,DAL,50,50.0,36.1,8.9,18.9,0.473,2.9,7.2,0.401,6.1,11.7,0.517,0.549,3.9,4.3,0.916,1.2,3.6,4.8,4.6,1.3,0.5,2.2,2.0,24.7
32318.0,2025,5271.0,Kyshawn George,,SG,21.0,1.0,NBA,WAS,64,34.0,26.8,3.0,8.0,0.368,1.7,5.2,0.321,1.3,2.8,0.456,0.473,1.0,1.4,0.761,0.8,3.5,4.3,2.5,1.0,0.8,1.5,3.0,8.6
32319.0,2025,4858.0,LaMelo Ball,,PG,23.0,5.0,NBA,CHO,47,47.0,32.0,8.6,21.3,0.405,3.8,11.2,0.339,4.8,10.1,0.478,0.494,4.1,4.9,0.843,1.0,3.9,4.9,7.4,1.1,0.3,3.6,3.3,25.2
32321.0,2025,4651.0,Landry Shamet,,SG,27.0,7.0,NBA,NYK,42,0.0,13.7,1.7,3.9,0.451,0.8,2.4,0.35,0.9,1.5,0.613,0.559,0.2,0.3,0.538,0.2,0.9,1.1,0.5,0.5,0.0,0.4,1.0,4.5
32322.0,2025,4345.0,Larry Nance Jr.,,PF,32.0,10.0,NBA,ATL,24,3.0,19.3,3.3,6.5,0.516,1.4,3.2,0.447,1.9,3.3,0.582,0.626,0.4,0.5,0.692,1.0,3.3,4.3,1.6,0.8,0.5,0.7,1.5,8.5
32323.0,2025,4535.0,Lauri Markkanen,,PF,27.0,8.0,NBA,UTA,47,47.0,31.4,6.3,14.9,0.423,2.9,8.5,0.346,3.4,6.4,0.525,0.521,3.4,3.9,0.876,1.5,4.4,5.9,1.5,0.7,0.4,1.4,1.7,19.0
32324.0,2025,3462.0,LeBron James,,SF,40.0,22.0,NBA,LAL,64,64.0,35.1,9.3,18.3,0.51,2.1,5.7,0.374,7.2,12.6,0.572,0.569,3.6,4.6,0.771,1.0,7.1,8.1,8.4,1.0,0.6,3.8,1.4,24.4
32328.0,2025,5078.0,Lester Quiñones,,SG,24.0,3.0,NBA,NOP,2,0.0,11.5,2.0,3.0,0.667,1.0,1.5,0.667,1.0,1.5,0.667,0.833,0.0,0.0,,0.0,0.5,0.5,0.5,0.5,0.0,0.5,1.0,5.0
32330.0,2025,4981.0,Lindy Waters III,,SG,27.0,4.0,NBA,TOT,49,9.0,14.6,1.7,4.6,0.372,1.1,3.4,0.339,0.6,1.2,0.459,0.496,0.2,0.2,0.727,0.4,1.7,2.1,1.0,0.5,0.2,0.4,1.2,4.7
32331.0,2025,4981.0,Lindy Waters III,,SG,27.0,4.0,NBA,GSW,38,9.0,17.2,2.0,5.4,0.371,1.3,3.9,0.331,0.7,1.5,0.474,0.49,0.2,0.3,0.727,0.4,2.1,2.5,1.1,0.6,0.3,0.4,1.4,5.5
32333.0,2025,4652.0,Lonnie Walker IV,,SG,26.0,7.0,NBA,PHI,13,2.0,20.0,3.3,8.4,0.394,1.7,4.9,0.344,1.6,3.5,0.467,0.495,0.8,0.9,0.833,0.3,2.5,2.8,2.2,0.5,0.2,1.1,0.8,9.1
32334.0,2025,4537.0,Lonzo Ball,,PG,27.0,6.0,NBA,CHI,35,14.0,22.2,2.5,6.9,0.366,1.9,5.6,0.344,0.6,1.4,0.458,0.504,0.6,0.8,0.815,0.7,2.7,3.4,3.3,1.3,0.5,1.2,1.6,7.6
32335.0,2025,4754.0,Luguentz Dort,,SF,25.0,6.0,NBA,OKC,67,67.0,29.2,3.6,8.3,0.436,2.4,5.7,0.41,1.3,2.6,0.494,0.578,0.5,0.7,0.75,1.3,2.8,4.1,1.6,1.1,0.6,0.7,2.9,10.1
32336.0,2025,4653.0,Luka Dončić,,PG,25.0,7.0,NBA,TOT,44,44.0,35.4,9.0,20.6,0.44,3.5,9.7,0.357,5.6,10.8,0.514,0.524,6.1,7.8,0.781,0.8,7.6,8.4,7.9,1.9,0.4,3.7,2.6,27.7
32337.0,2025,4653.0,Luka Dončić,,PG,25.0,7.0,NBA,DAL,22,22.0,35.7,9.8,21.2,0.464,3.4,9.6,0.354,6.4,11.5,0.555,0.544,5.1,6.6,0.767,0.7,7.6,8.3,7.8,2.0,0.4,3.4,2.6,28.1
32338.0,2025,4653.0,Luka Dončić,,PG,25.0,7.0,NBA,LAL,22,22.0,35.1,8.3,20.0,0.415,3.5,9.8,0.361,4.7,10.1,0.466,0.503,7.1,9.0,0.792,0.9,7.5,8.5,7.9,1.7,0.5,4.0,2.5,27.2
32340.0,2025,4538.0,Luke Kennard,,SG,28.0,8.0,NBA,MEM,60,11.0,22.8,3.3,6.8,0.483,1.8,4.1,0.441,1.5,2.7,0.546,0.616,0.8,0.9,0.891,0.6,2.2,2.8,3.4,0.8,0.1,1.2,0.9,9.2
32341.0,2025,4539.0,Luke Kornet,,C,29.0,8.0,NBA,BOS,66,12.0,18.3,2.3,3.5,0.675,0.0,0.0,0.0,2.3,3.4,0.681,0.675,0.9,1.3,0.694,2.4,2.8,5.2,1.6,0.5,1.0,0.4,1.6,5.6
32344.0,2025,4860.0,Malachi Flynn,,PG,26.0,5.0,NBA,CHO,4,0.0,11.0,1.3,3.3,0.385,0.3,1.0,0.25,1.0,2.3,0.444,0.423,1.3,1.5,0.833,0.8,1.0,1.8,1.8,0.8,0.0,1.0,1.0,4.0
32346.0,2025,4423.0,Malcolm Brogdon,,PG,32.0,9.0,NBA,WAS,24,13.0,23.5,4.3,10.0,0.433,0.7,2.3,0.286,3.7,7.7,0.478,0.467,3.4,3.8,0.88,0.9,2.9,3.8,4.1,0.5,0.2,1.6,1.3,12.7
32348.0,2025,4425.0,Malik Beasley,,SG,28.0,9.0,NBA,DET,75,17.0,27.8,5.6,12.9,0.436,3.9,9.2,0.423,1.7,3.7,0.471,0.587,1.2,1.7,0.679,0.6,2.1,2.7,1.7,0.9,0.1,1.1,1.6,16.3
32349.0,2025,4541.0,Malik Monk,,SG,26.0,8.0,NBA,SAC,61,45.0,32.3,6.5,14.8,0.442,2.2,6.7,0.328,4.3,8.1,0.536,0.516,2.4,2.8,0.863,0.5,3.3,3.8,5.8,1.0,0.6,2.5,2.5,17.7
32354.0,2025,5275.0,Marcus Bagley,,SF,23.0,1.0,NBA,PHI,4,0.0,20.3,1.3,4.0,0.313,0.0,2.5,0.0,1.3,1.5,0.833,0.313,0.5,0.5,1.0,0.5,4.0,4.5,0.3,0.5,1.3,0.3,1.3,3.0
32355.0,2025,4986.0,Marcus Garrett,,SG,26.0,2.0,NBA,CHO,4,0.0,19.8,2.8,6.8,0.407,0.8,2.0,0.375,2.0,4.8,0.421,0.463,0.8,1.0,0.75,0.3,1.3,1.5,3.3,0.8,0.5,1.5,2.5,7.0
32356.0,2025,5178.0,Marcus Sasser,,PG,24.0,2.0,NBA,DET,53,0.0,13.6,2.3,4.9,0.469,1.0,2.6,0.391,1.3,2.3,0.558,0.574,0.7,0.8,0.837,0.3,0.9,1.2,2.2,0.6,0.1,0.9,1.2,6.3
32357.0,2025,4275.0,Marcus Smart,,PG,30.0,11.0,NBA,TOT,33,6.0,19.9,2.9,7.6,0.388,1.4,4.2,0.343,1.5,3.4,0.442,0.482,1.6,2.1,0.754,0.5,1.5,2.1,3.3,1.2,0.3,1.6,1.6,8.9
32358.0,2025,4275.0,Marcus Smart,,PG,30.0,11.0,NBA,MEM,19,6.0,21.1,2.8,7.8,0.358,1.5,4.7,0.322,1.3,3.1,0.414,0.456,1.6,1.9,0.833,0.7,1.5,2.3,3.7,1.2,0.3,1.8,1.6,8.7
32359.0,2025,4275.0,Marcus Smart,,PG,30.0,11.0,NBA,WAS,14,0.0,18.3,3.1,7.3,0.431,1.3,3.4,0.383,1.9,3.9,0.473,0.52,1.6,2.4,0.667,0.3,1.6,1.9,2.7,1.1,0.2,1.3,1.6,9.1
32360.0,2025,5081.0,Mark Williams,,C,23.0,3.0,NBA,CHO,40,37.0,26.3,6.2,10.1,0.612,0.0,0.0,0.0,6.2,10.1,0.614,0.612,3.0,3.7,0.804,3.1,7.1,10.2,2.6,0.7,1.3,1.4,2.4,15.4
32364.0,2025,4044.0,Markieff Morris,,PF,35.0,14.0,NBA,LAL,7,1.0,13.0,1.6,5.4,0.289,0.9,2.9,0.3,0.7,2.6,0.278,0.368,0.7,0.9,0.833,0.4,1.1,1.6,1.6,0.0,0.1,0.1,1.4,4.7
32369.0,2025,4180.0,Mason Plumlee,,C,34.0,12.0,NBA,PHO,70,20.0,17.5,1.7,2.8,0.613,0.0,0.0,0.0,1.7,2.7,0.623,0.613,1.1,1.7,0.655,1.6,4.6,6.2,1.8,0.4,0.6,0.8,2.1,4.5
32370.0,2025,5276.0,Matas Buzelis,,SF,20.0,1.0,NBA,CHI,73,24.0,18.1,3.0,6.8,0.442,1.1,3.3,0.345,1.9,3.5,0.533,0.525,1.0,1.2,0.854,0.7,2.6,3.3,0.9,0.3,0.9,0.8,1.6,8.1
32371.0,2025,4760.0,Matisse Thybulle,,SG,27.0,6.0,NBA,POR,8,0.0,15.1,2.3,4.6,0.486,1.3,2.9,0.435,1.0,1.8,0.571,0.622,0.3,0.5,0.5,0.6,2.4,3.0,1.3,2.0,0.5,0.6,0.4,6.0
32373.0,2025,5082.0,Max Christie,,SG,21.0,3.0,NBA,TOT,72,35.0,27.1,3.2,7.4,0.427,1.5,4.0,0.373,1.7,3.4,0.492,0.528,1.6,1.9,0.854,0.5,2.7,3.2,1.9,0.8,0.4,1.1,1.5,9.4
32374.0,2025,5082.0,Max Christie,,SG,21.0,3.0,NBA,LAL,46,25.0,25.1,2.8,6.3,0.444,1.3,3.5,0.368,1.5,2.7,0.544,0.549,1.6,1.9,0.851,0.5,2.1,2.7,1.4,0.8,0.5,0.8,1.6,8.5
32375.0,2025,5082.0,Max Christie,,SG,21.0,3.0,NBA,DAL,26,10.0,30.6,3.8,9.3,0.407,1.8,4.8,0.379,2.0,4.6,0.437,0.504,1.7,1.9,0.86,0.4,3.8,4.2,2.7,1.0,0.3,1.5,1.5,11.1
32376.0,2025,4763.0,Max Strus,,SF,28.0,6.0,NBA,CLE,45,32.0,25.1,3.3,7.4,0.439,2.2,5.8,0.383,1.0,1.6,0.635,0.588,0.6,0.7,0.844,1.0,3.2,4.2,3.1,0.6,0.2,1.0,2.1,9.4
32377.0,2025,4547.0,Maxi Kleber,,PF,33.0,8.0,NBA,DAL,34,4.0,18.7,1.1,2.8,0.385,0.4,1.4,0.265,0.7,1.4,0.511,0.453,0.5,0.6,0.762,0.7,2.1,2.8,1.3,0.3,0.5,0.7,1.9,3.0
32380.0,2025,5181.0,Maxwell Lewis,,SF,22.0,2.0,NBA,BRK,16,0.0,12.4,1.7,3.9,0.429,0.9,2.0,0.469,0.8,1.9,0.387,0.548,0.3,0.5,0.625,0.7,1.4,2.1,0.7,0.4,0.3,0.4,1.0,4.6
32381.0,2025,4990.0,Micah Potter,,C,26.0,4.0,NBA,UTA,33,10.0,17.7,1.4,3.4,0.423,0.9,2.5,0.354,0.5,0.9,0.621,0.554,0.5,0.5,0.889,1.1,3.0,4.2,0.8,0.3,0.3,0.8,1.3,4.2
32382.0,2025,4766.0,Michael Porter Jr.,,SF,26.0,6.0,NBA,DEN,72,72.0,33.6,6.9,13.7,0.504,2.5,6.3,0.398,4.4,7.3,0.595,0.596,1.9,2.5,0.764,1.8,5.2,7.0,2.2,0.7,0.5,1.3,2.0,18.2
32383.0,2025,4657.0,Mikal Bridges,,SF,28.0,7.0,NBA,NYK,74,74.0,37.6,7.4,14.8,0.499,2.1,5.9,0.352,5.3,8.9,0.596,0.569,1.1,1.4,0.8,0.9,2.4,3.2,3.7,1.0,0.5,1.6,1.5,18.0
32384.0,2025,3779.0,Mike Conley,,PG,37.0,18.0,NBA,MIN,64,57.0,24.8,2.7,6.6,0.409,1.9,4.4,0.422,0.9,2.2,0.385,0.549,1.2,1.3,0.895,0.5,2.1,2.6,4.4,1.2,0.2,1.1,1.5,8.5
32385.0,2025,4658.0,Miles Bridges,,PF,26.0,6.0,NBA,CHO,60,60.0,32.1,7.5,17.2,0.434,2.3,7.1,0.317,5.2,10.1,0.516,0.499,3.5,4.0,0.87,1.2,6.6,7.8,4.0,0.7,0.7,2.1,1.5,20.6
32386.0,2025,4991.0,Miles McBride,,PG,24.0,4.0,NBA,NYK,59,8.0,24.9,3.4,8.4,0.407,1.8,4.7,0.371,1.7,3.7,0.454,0.512,0.8,1.0,0.817,0.7,1.8,2.5,2.9,0.9,0.3,0.7,1.6,9.4
32388.0,2025,4660.0,Mitchell Robinson,,C,26.0,7.0,NBA,NYK,13,1.0,16.0,2.0,2.9,0.684,0.0,0.0,,2.0,2.9,0.684,0.684,0.5,0.8,0.636,2.7,2.8,5.5,0.7,0.8,0.9,0.6,1.4,4.5
32389.0,2025,4661.0,Mo Bamba,,C,26.0,7.0,NBA,TOT,32,2.0,12.9,1.6,3.5,0.464,0.5,1.7,0.278,1.2,1.8,0.638,0.531,0.6,0.8,0.704,1.0,3.5,4.5,0.6,0.3,1.0,0.6,1.8,4.3
32390.0,2025,4661.0,Mo Bamba,,C,26.0,7.0,NBA,LAC,28,2.0,12.6,1.7,3.7,0.466,0.5,1.8,0.3,1.2,1.9,0.623,0.539,0.6,0.9,0.68,0.9,3.4,4.3,0.6,0.3,1.0,0.7,1.8,4.6
32391.0,2025,4661.0,Mo Bamba,,C,26.0,7.0,NBA,NOP,4,0.0,15.3,1.0,2.3,0.444,0.0,1.0,0.0,1.0,1.3,0.8,0.444,0.5,0.5,1.0,1.5,4.8,6.3,0.5,0.0,0.8,0.3,1.8,2.5
32392.0,2025,4551.0,Monte Morris,,PG,29.0,8.0,NBA,PHO,43,0.0,12.6,1.8,4.3,0.416,0.7,1.9,0.346,1.1,2.4,0.471,0.492,0.8,1.0,0.857,0.3,1.2,1.4,1.6,0.5,0.1,0.4,0.5,5.1
32393.0,2025,4662.0,Moritz Wagner,,C,27.0,7.0,NBA,ORL,30,1.0,18.8,4.7,8.3,0.562,0.9,2.5,0.36,3.8,5.8,0.649,0.616,2.6,3.7,0.718,1.3,3.6,4.9,1.4,0.8,0.4,1.6,1.8,12.9
32396.0,2025,4768.0,Moses Brown,,C,25.0,6.0,NBA,DAL,4,2.0,18.3,5.3,7.3,0.724,0.0,0.0,,5.3,7.3,0.724,0.724,1.3,1.5,0.833,2.0,5.8,7.8,0.5,1.0,0.8,1.3,2.8,11.8
32397.0,2025,4992.0,Moses Moody,,SG,22.0,4.0,NBA,GSW,66,26.0,21.8,3.4,7.8,0.441,1.7,4.6,0.374,1.7,3.2,0.538,0.552,1.5,1.9,0.798,0.7,1.8,2.5,1.3,0.7,0.4,0.7,1.5,10.1
32398.0,2025,5183.0,Mouhamed Gueye,,PF,22.0,2.0,NBA,ATL,25,21.0,16.0,2.2,5.3,0.414,0.6,2.7,0.239,1.6,2.6,0.591,0.474,0.9,1.2,0.759,1.0,2.5,3.5,0.8,0.8,1.0,0.4,1.6,5.9
32399.0,2025,5084.0,Moussa Diabaté,,C,23.0,3.0,NBA,CHO,66,8.0,17.3,2.2,3.7,0.591,0.0,0.1,0.0,2.2,3.7,0.601,0.591,0.9,1.6,0.583,2.7,3.5,6.2,0.8,0.6,0.6,0.8,1.5,5.3
32400.0,2025,4350.0,Myles Turner,,C,28.0,10.0,NBA,IND,66,66.0,30.4,5.4,11.2,0.48,2.2,5.4,0.401,3.2,5.8,0.553,0.576,2.5,3.2,0.777,1.2,5.4,6.6,1.6,0.8,1.9,1.7,2.6,15.4
32401.0,2025,5278.0,N'Faly Dante,,C,23.0,1.0,NBA,HOU,1,0.0,19.0,4.0,6.0,0.667,0.0,0.0,,4.0,6.0,0.667,0.667,2.0,3.0,0.667,4.0,5.0,9.0,1.0,0.0,2.0,1.0,4.0,10.0
32403.0,2025,4865.0,Naji Marshall,,SF,27.0,5.0,NBA,DAL,63,26.0,27.3,5.3,10.4,0.51,0.9,3.2,0.279,4.4,7.2,0.613,0.553,1.8,2.2,0.814,1.2,3.8,4.9,2.9,1.1,0.2,1.6,1.6,13.3
32404.0,2025,4771.0,Naz Reid,,C,25.0,6.0,NBA,MIN,74,17.0,27.6,5.4,11.7,0.461,2.3,5.9,0.389,3.1,5.8,0.535,0.559,1.4,1.8,0.767,1.1,4.9,6.1,2.3,0.8,0.9,1.3,2.4,14.4
32405.0,2025,4995.0,Neemias Queta,,C,25.0,4.0,NBA,BOS,56,6.0,13.8,2.1,3.3,0.643,0.0,0.1,0.0,2.1,3.2,0.654,0.643,0.7,1.0,0.745,1.4,2.4,3.8,0.6,0.3,0.6,0.7,1.7,4.9
32406.0,2025,4772.0,Nic Claxton,,C,25.0,6.0,NBA,BRK,66,58.0,27.3,4.5,8.2,0.551,0.0,0.3,0.158,4.5,7.9,0.565,0.554,1.2,2.3,0.513,2.3,5.3,7.6,2.2,0.9,1.5,1.3,2.2,10.2
32407.0,2025,4869.0,Nick Richards,,C,27.0,5.0,NBA,TOT,53,40.0,22.0,3.7,6.2,0.593,0.0,0.0,0.0,3.7,6.2,0.596,0.593,2.1,2.9,0.739,2.6,5.7,8.2,0.9,0.2,1.0,1.5,2.5,9.5
32408.0,2025,4869.0,Nick Richards,,C,27.0,5.0,NBA,CHO,21,9.0,21.0,3.0,5.4,0.561,0.0,0.0,0.0,3.0,5.4,0.566,0.561,2.8,4.1,0.678,2.4,5.1,7.5,1.3,0.3,1.2,1.6,2.3,8.9
32409.0,2025,4869.0,Nick Richards,,C,27.0,5.0,NBA,PHO,32,31.0,22.7,4.1,6.7,0.609,0.0,0.0,0.0,4.1,6.7,0.612,0.609,1.7,2.1,0.818,2.7,6.1,8.7,0.6,0.2,0.8,1.4,2.6,9.9
32410.0,2025,5186.0,Nick Smith Jr.,,SG,20.0,2.0,NBA,CHO,56,25.0,22.8,3.7,9.5,0.387,1.7,5.0,0.333,2.0,4.4,0.448,0.475,0.6,0.7,0.919,0.2,1.8,2.0,2.2,0.3,0.1,1.4,1.3,9.6
32411.0,2025,4773.0,Nickeil Alexander-Walker,,SG,26.0,6.0,NBA,MIN,75,10.0,25.0,3.3,7.5,0.438,1.7,4.4,0.387,1.5,3.0,0.511,0.553,1.0,1.3,0.781,0.6,2.5,3.1,2.5,0.6,0.4,1.2,1.7,9.3
32412.0,2025,3841.0,Nicolas Batum,,PF,36.0,17.0,NBA,LAC,73,8.0,17.8,1.3,3.0,0.423,1.1,2.5,0.419,0.2,0.5,0.441,0.6,0.2,0.3,0.8,0.6,2.2,2.8,1.1,0.7,0.5,0.4,1.5,3.8
32413.0,2025,4352.0,Nikola Jokić,,C,29.0,10.0,NBA,DEN,64,64.0,36.5,11.2,19.4,0.574,1.9,4.6,0.412,9.3,14.8,0.624,0.623,5.0,6.3,0.803,2.9,9.9,12.8,10.2,1.8,0.7,3.3,2.3,29.3
32414.0,2025,5085.0,Nikola Jović,,PF,21.0,3.0,NBA,MIA,46,10.0,25.1,3.7,8.2,0.456,1.7,4.6,0.371,2.0,3.6,0.563,0.56,1.6,1.9,0.828,0.6,3.3,3.9,2.8,0.8,0.3,1.3,1.8,10.7
32415.0,2025,4047.0,Nikola Vučević,,C,34.0,14.0,NBA,CHI,67,66.0,31.4,7.5,14.2,0.528,1.8,4.5,0.397,5.7,9.7,0.589,0.591,1.7,2.1,0.804,2.3,7.7,10.0,3.4,0.8,0.7,1.6,2.3,18.5
32416.0,2025,5187.0,Noah Clowney,,PF,20.0,2.0,NBA,BRK,46,20.0,22.7,2.9,8.1,0.358,1.9,5.7,0.333,1.0,2.4,0.414,0.474,1.5,1.7,0.838,0.9,3.0,3.9,0.9,0.5,0.5,1.0,2.3,9.1
32417.0,2025,4353.0,Norman Powell,,SG,31.0,10.0,NBA,LAC,54,54.0,32.4,7.9,16.1,0.49,3.1,7.4,0.426,4.7,8.7,0.545,0.588,3.7,4.6,0.814,0.4,2.9,3.3,2.2,1.3,0.2,1.9,1.9,22.6
32418.0,2025,4555.0,OG Anunoby,,PF,27.0,8.0,NBA,NYK,68,68.0,36.6,6.5,13.7,0.474,2.3,6.1,0.369,4.2,7.5,0.559,0.557,2.4,2.9,0.82,1.3,3.5,4.8,2.1,1.5,0.9,1.3,2.3,17.6
32419.0,2025,4871.0,Obi Toppin,,PF,26.0,5.0,NBA,IND,72,1.0,19.6,4.0,7.5,0.541,1.4,3.7,0.372,2.7,3.7,0.71,0.634,1.1,1.4,0.796,0.7,3.3,4.0,1.6,0.6,0.3,0.8,1.4,10.6
32420.0,2025,5086.0,Ochai Agbaji,,SG,24.0,3.0,NBA,TOR,60,42.0,26.9,4.0,8.0,0.496,1.5,3.8,0.389,2.5,4.3,0.59,0.587,0.6,0.8,0.702,0.9,2.9,3.8,1.6,0.8,0.5,0.8,1.9,10.0
32421.0,2025,5188.0,Olivier-Maxence Prosper,,PF,22.0,2.0,NBA,DAL,52,4.0,11.2,1.3,3.3,0.402,0.2,1.0,0.235,1.1,2.4,0.472,0.437,0.9,1.5,0.645,0.8,1.6,2.4,0.8,0.5,0.1,0.3,0.5,3.9
32422.0,2025,4872.0,Onyeka Okongwu,,C,24.0,5.0,NBA,ATL,67,33.0,27.2,5.2,9.1,0.571,0.6,1.8,0.328,4.6,7.3,0.632,0.604,2.1,2.8,0.754,3.0,5.7,8.7,2.3,0.9,0.9,1.1,2.5,13.1
32423.0,2025,5087.0,Orlando Robinson,,C,24.0,3.0,NBA,TOT,39,6.0,16.7,2.5,5.5,0.447,0.3,0.9,0.333,2.2,4.6,0.469,0.474,1.2,1.5,0.783,1.9,3.0,4.9,1.7,0.4,0.4,1.1,2.1,6.4
32425.0,2025,5087.0,Orlando Robinson,,C,24.0,3.0,NBA,TOR,30,6.0,19.8,3.0,6.6,0.449,0.4,1.0,0.355,2.6,5.6,0.467,0.477,1.4,1.8,0.811,2.3,3.5,5.9,1.9,0.4,0.5,1.2,2.5,7.7
32426.0,2025,5190.0,Oscar Tshiebwe,,C,25.0,2.0,NBA,UTA,11,1.0,16.9,2.1,3.5,0.59,0.0,0.0,,2.1,3.5,0.59,0.59,1.5,1.8,0.8,2.7,5.1,7.8,0.6,0.8,0.0,0.5,1.6,5.6
32427.0,2025,4777.0,Oshae Brissett,,SF,26.0,6.0,NBA,PHI,6,2.0,23.7,3.2,6.5,0.487,1.0,3.0,0.333,2.2,3.5,0.619,0.564,1.3,2.3,0.571,1.2,2.5,3.7,0.7,0.7,0.5,1.3,2.3,8.7
32428.0,2025,5280.0,Oso Ighodaro,,PF,22.0,1.0,NBA,PHO,54,3.0,16.1,1.6,2.8,0.597,0.0,0.0,0.0,1.6,2.7,0.605,0.597,0.5,0.9,0.596,0.9,2.6,3.5,1.1,0.4,0.4,0.6,1.7,3.8
32429.0,2025,5088.0,Ousmane Dieng,,C,21.0,3.0,NBA,OKC,37,1.0,10.9,1.5,3.4,0.432,0.6,1.9,0.324,0.8,1.5,0.574,0.524,0.3,0.4,0.688,0.5,1.7,2.2,0.8,0.5,0.2,0.5,0.9,3.8
32431.0,2025,4778.0,P.J. Washington,,PF,26.0,6.0,NBA,DAL,53,52.0,32.4,5.4,11.9,0.45,1.6,4.2,0.378,3.8,7.7,0.49,0.517,2.5,3.4,0.736,1.5,6.3,7.8,2.3,1.1,1.1,2.0,2.4,14.8
32435.0,2025,5089.0,Paolo Banchero,,PF,22.0,3.0,NBA,ORL,42,42.0,34.4,8.9,19.6,0.453,1.9,6.0,0.319,7.0,13.7,0.512,0.502,6.1,8.5,0.723,1.1,6.1,7.2,4.7,0.8,0.6,2.9,2.1,25.9
32436.0,2025,4436.0,Pascal Siakam,,PF,30.0,9.0,NBA,IND,74,74.0,32.7,7.9,15.2,0.52,1.6,4.2,0.387,6.2,10.9,0.571,0.574,3.0,4.0,0.743,1.7,5.2,6.9,3.4,0.9,0.5,1.4,2.5,20.4
32437.0,2025,4354.0,Pat Connaughton,,SG,32.0,10.0,NBA,MIL,36,0.0,14.1,1.6,3.6,0.435,0.6,1.8,0.308,1.0,1.8,0.561,0.511,0.4,0.5,0.789,0.5,2.1,2.6,1.7,0.2,0.3,0.6,1.0,4.1
32440.0,2025,4873.0,Patrick Williams,,PF,23.0,5.0,NBA,CHI,56,35.0,25.4,3.2,8.3,0.385,1.5,4.4,0.348,1.7,3.9,0.427,0.477,1.0,1.4,0.718,0.7,3.1,3.8,2.0,0.7,0.6,1.3,1.4,8.9
32441.0,2025,3898.0,Patty Mills,,PG,36.0,16.0,NBA,TOT,27,0.0,11.3,1.2,3.3,0.367,0.9,2.6,0.338,0.3,0.7,0.474,0.5,0.5,0.5,0.929,0.1,0.7,0.8,0.9,0.5,0.1,0.6,0.8,3.8
32442.0,2025,3898.0,Patty Mills,,PG,36.0,16.0,NBA,UTA,17,0.0,15.3,1.5,4.5,0.342,1.0,3.4,0.298,0.5,1.1,0.474,0.454,0.3,0.3,1.0,0.2,1.1,1.2,1.2,0.7,0.2,0.9,0.7,4.4
32444.0,2025,3968.0,Paul George,,PF,34.0,15.0,NBA,PHI,41,41.0,32.5,6.0,13.9,0.43,2.3,6.5,0.358,3.6,7.4,0.493,0.514,1.9,2.4,0.814,0.6,4.8,5.3,4.3,1.8,0.5,2.6,2.5,16.2
32446.0,2025,4875.0,Payton Pritchard,,PG,27.0,5.0,NBA,BOS,73,1.0,28.3,4.9,10.6,0.465,3.3,7.9,0.411,1.7,2.7,0.622,0.618,0.9,1.1,0.838,1.3,2.5,3.8,3.3,0.9,0.2,1.0,1.5,14.0
32447.0,2025,5283.0,Pelle Larsson,,SG,23.0,1.0,NBA,MIA,51,4.0,13.0,1.5,3.5,0.446,0.5,1.6,0.329,1.0,1.9,0.547,0.523,0.6,0.9,0.667,0.5,1.1,1.5,1.0,0.5,0.1,0.4,1.6,4.3
32451.0,2025,5091.0,Peyton Watson,,SF,22.0,3.0,NBA,DEN,62,16.0,24.1,3.0,6.3,0.482,0.7,2.0,0.371,2.3,4.3,0.534,0.541,1.4,2.1,0.695,0.7,2.7,3.4,1.5,0.8,1.3,0.8,1.8,8.3
,2025,,Phillip Wheeler,,,22.0,,NBA,PHI,3,0.0,11.3,1.0,5.3,0.188,0.0,2.3,0.0,1.0,3.0,0.333,0.188,0.7,0.7,1.0,0.7,1.3,2.0,0.7,0.3,0.7,0.3,0.0,2.7
32453.0,2025,4876.0,Precious Achiuwa,,C,25.0,5.0,NBA,NYK,51,8.0,19.8,2.7,5.2,0.529,0.2,0.6,0.281,2.5,4.5,0.563,0.546,0.7,1.1,0.603,1.8,3.5,5.4,0.9,0.8,0.6,0.8,1.3,6.3
32454.0,2025,5000.0,Quentin Grimes,,SG,24.0,4.0,NBA,TOT,69,31.0,26.1,4.9,10.4,0.477,2.1,5.3,0.395,2.8,5.0,0.563,0.578,1.9,2.6,0.751,0.8,3.4,4.2,2.8,1.0,0.3,1.8,1.8,13.9
32455.0,2025,5000.0,Quentin Grimes,,SG,24.0,4.0,NBA,DAL,47,12.0,22.8,3.6,7.8,0.463,1.7,4.3,0.398,1.9,3.5,0.543,0.573,1.3,1.7,0.765,0.6,3.2,3.8,2.1,0.7,0.2,1.3,1.7,10.2
32456.0,2025,5000.0,Quentin Grimes,,SG,24.0,4.0,NBA,PHI,22,19.0,33.2,7.8,15.9,0.491,3.0,7.5,0.392,4.9,8.4,0.582,0.584,3.2,4.4,0.74,1.0,4.0,5.0,4.2,1.5,0.5,2.8,2.2,21.8
32457.0,2025,5092.0,Quenton Jackson,,PG,26.0,3.0,NBA,IND,26,7.0,12.4,1.8,3.8,0.485,0.5,1.2,0.387,1.4,2.6,0.529,0.545,0.8,1.0,0.741,0.5,0.9,1.4,1.8,0.7,0.2,0.5,1.5,4.9
32459.0,2025,5286.0,Quinten Post,,PF,24.0,1.0,NBA,GSW,36,14.0,16.8,3.2,6.9,0.462,1.9,4.4,0.419,1.3,2.4,0.54,0.597,0.5,0.6,0.81,0.9,2.8,3.8,1.5,0.4,0.5,0.9,2.1,8.7
32460.0,2025,4781.0,RJ Barrett,,SF,24.0,6.0,NBA,TOR,55,55.0,32.7,8.1,17.0,0.473,1.9,5.3,0.359,6.2,11.8,0.524,0.528,3.5,5.4,0.639,1.0,5.4,6.4,5.6,0.8,0.3,3.0,2.5,21.5
32463.0,2025,5288.0,Reece Beekman,,PG,23.0,1.0,NBA,TOT,31,0.0,11.0,0.8,2.5,0.308,0.2,1.0,0.188,0.6,1.5,0.391,0.346,0.4,0.5,0.706,0.3,0.6,0.8,1.3,0.6,0.1,0.5,0.8,2.1
32465.0,2025,5288.0,Reece Beekman,,PG,23.0,1.0,NBA,BRK,29,0.0,11.6,0.8,2.7,0.299,0.2,1.1,0.188,0.6,1.6,0.378,0.338,0.4,0.6,0.706,0.2,0.6,0.9,1.3,0.7,0.1,0.6,0.8,2.2
32466.0,2025,5289.0,Reed Sheppard,,PG,20.0,1.0,NBA,HOU,46,1.0,11.9,1.5,4.3,0.337,0.7,2.5,0.289,0.7,1.8,0.4,0.42,0.3,0.3,0.813,0.3,1.1,1.4,1.2,0.7,0.3,0.6,1.0,3.9
32467.0,2025,4050.0,Reggie Jackson,,PG,34.0,14.0,NBA,PHI,31,1.0,12.4,1.7,4.3,0.391,0.8,2.4,0.338,0.9,1.9,0.458,0.485,0.2,0.3,0.778,0.3,1.1,1.4,1.5,0.5,0.1,0.5,1.1,4.4
32468.0,2025,4359.0,Richaun Holmes,,PF,31.0,10.0,NBA,WAS,30,7.0,17.7,3.0,4.6,0.645,0.0,0.1,0.0,3.0,4.5,0.659,0.645,1.7,2.0,0.833,2.1,3.8,5.9,1.4,0.3,0.8,0.7,1.6,7.6
32469.0,2025,5194.0,Ricky Council IV,,SF,23.0,2.0,NBA,PHI,66,10.0,16.8,2.5,6.3,0.391,0.8,2.9,0.267,1.7,3.4,0.498,0.453,1.6,2.0,0.799,0.6,2.1,2.8,1.3,0.5,0.2,0.7,1.0,7.3
32471.0,2025,5291.0,Rob Dillingham,,PG,20.0,1.0,NBA,MIN,45,1.0,11.2,2.0,4.6,0.442,0.6,1.6,0.342,1.5,3.0,0.496,0.502,0.2,0.3,0.533,0.3,0.8,1.1,2.2,0.4,0.0,1.1,0.8,4.8
32472.0,2025,4666.0,Robert Williams,,C,27.0,7.0,NBA,POR,20,3.0,17.6,2.5,3.9,0.641,0.1,0.2,0.333,2.5,3.8,0.653,0.647,0.8,0.9,0.882,1.8,4.2,5.9,1.1,0.7,1.7,0.9,1.6,5.8
32473.0,2025,5292.0,Ron Holland,,SF,19.0,1.0,NBA,DET,75,1.0,15.6,2.5,5.2,0.477,0.5,1.9,0.234,2.0,3.3,0.62,0.521,1.2,1.5,0.763,0.5,2.2,2.7,1.0,0.6,0.2,0.9,1.8,6.6
32474.0,2025,4560.0,Royce O'Neale,,SF,31.0,8.0,NBA,PHO,69,19.0,24.8,3.3,7.6,0.434,2.4,5.8,0.421,0.8,1.8,0.475,0.596,0.3,0.4,0.731,0.7,4.1,4.8,2.2,0.9,0.4,0.9,2.0,9.3
32475.0,2025,4199.0,Rudy Gobert,,C,32.0,12.0,NBA,MIN,65,65.0,32.8,4.4,6.7,0.656,0.0,0.0,,4.4,6.7,0.656,0.656,2.4,3.6,0.684,3.6,7.0,10.6,1.8,0.8,1.4,1.3,2.4,11.2
32476.0,2025,4784.0,Rui Hachimura,,PF,26.0,6.0,NBA,LAL,55,53.0,31.5,4.9,9.7,0.505,1.7,4.1,0.412,3.2,5.6,0.573,0.592,1.4,1.9,0.765,1.3,3.7,5.0,1.4,0.8,0.5,0.8,1.7,12.9
32477.0,2025,3849.0,Russell Westbrook,,PG,36.0,17.0,NBA,DEN,68,35.0,28.0,5.0,11.0,0.454,1.3,3.9,0.335,3.7,7.1,0.519,0.513,1.9,3.0,0.639,1.4,3.5,5.0,6.2,1.4,0.5,3.3,2.6,13.2
32478.0,2025,5293.0,Ryan Dunn,,SF,22.0,1.0,NBA,PHO,67,37.0,18.1,2.6,6.0,0.435,1.0,3.3,0.317,1.6,2.7,0.576,0.521,0.2,0.5,0.429,1.0,2.3,3.3,0.7,0.5,0.6,0.5,2.1,6.5
32479.0,2025,5095.0,Ryan Rollins,,PG,22.0,3.0,NBA,MIL,49,13.0,13.4,2.1,4.4,0.475,0.8,2.0,0.381,1.3,2.4,0.55,0.56,0.6,0.8,0.811,0.4,1.4,1.8,1.6,0.7,0.3,0.8,1.5,5.6
32480.0,2025,5003.0,Sam Hauser,,PF,27.0,4.0,NBA,BOS,64,16.0,21.4,2.9,6.5,0.448,2.3,5.5,0.412,0.6,0.9,0.661,0.625,0.1,0.1,1.0,0.6,2.4,3.1,0.9,0.6,0.2,0.3,1.3,8.2
32481.0,2025,4883.0,Sam Merrill,,SG,28.0,5.0,NBA,CLE,66,3.0,19.5,2.4,6.0,0.402,1.9,5.2,0.365,0.5,0.8,0.63,0.559,0.4,0.4,0.966,0.5,1.6,2.2,1.5,0.7,0.2,0.5,1.7,7.1
32483.0,2025,5005.0,Santi Aldama,,PF,24.0,4.0,NBA,MEM,59,16.0,25.3,4.9,10.3,0.483,1.8,5.0,0.361,3.1,5.2,0.599,0.571,1.0,1.5,0.698,1.5,5.1,6.6,2.9,0.8,0.5,1.1,1.1,12.7
32484.0,2025,5196.0,Scoot Henderson,,PG,20.0,2.0,NBA,POR,66,10.0,26.7,4.3,10.4,0.419,1.6,4.5,0.354,2.8,5.9,0.469,0.496,2.4,3.1,0.767,0.8,2.2,3.0,5.1,1.0,0.2,2.7,2.7,12.7
32485.0,2025,5006.0,Scottie Barnes,,PF,23.0,4.0,NBA,TOR,60,60.0,33.3,7.2,16.3,0.444,1.2,4.4,0.266,6.1,11.9,0.509,0.48,3.7,4.8,0.768,1.7,6.1,7.8,5.9,1.5,1.0,2.9,1.8,19.3
32486.0,2025,5096.0,Scotty Pippen Jr.,,PG,24.0,3.0,NBA,MEM,73,20.0,20.8,3.5,7.4,0.479,1.1,2.8,0.383,2.5,4.6,0.536,0.55,1.5,2.0,0.718,0.8,2.5,3.4,4.4,1.3,0.4,1.7,2.5,9.6
32487.0,2025,4203.0,Seth Curry,,SG,34.0,11.0,NBA,CHO,63,11.0,15.1,2.3,4.9,0.458,1.2,2.6,0.442,1.1,2.3,0.476,0.576,0.4,0.5,0.839,0.4,1.2,1.6,0.9,0.4,0.1,0.5,0.9,6.1
32488.0,2025,5097.0,Shaedon Sharpe,,SG,21.0,3.0,NBA,POR,67,47.0,31.0,6.7,14.8,0.452,2.0,6.3,0.308,4.7,8.5,0.56,0.518,2.4,3.1,0.79,1.0,3.3,4.3,2.6,0.8,0.2,2.0,1.7,17.8
32489.0,2025,4669.0,Shai Gilgeous-Alexander,,PG,26.0,7.0,NBA,OKC,72,72.0,34.2,11.3,21.7,0.522,2.1,5.7,0.375,9.2,16.0,0.574,0.571,8.1,8.9,0.901,0.9,4.1,5.0,6.4,1.7,1.0,2.5,2.2,32.8
32490.0,2025,4670.0,Shake Milton,,SG,28.0,7.0,NBA,TOT,53,1.0,14.8,2.1,4.5,0.46,0.7,1.9,0.363,1.4,2.5,0.533,0.538,0.8,1.0,0.792,0.6,1.3,1.9,1.9,0.4,0.1,0.7,1.2,5.6
32491.0,2025,4670.0,Shake Milton,,SG,28.0,7.0,NBA,BRK,27,1.0,18.2,2.7,5.8,0.465,1.0,2.7,0.389,1.7,3.1,0.529,0.554,0.9,1.2,0.758,0.6,1.3,1.9,2.4,0.6,0.0,0.7,1.6,7.4
32492.0,2025,4670.0,Shake Milton,,SG,28.0,7.0,NBA,LAL,26,0.0,11.3,1.4,3.1,0.45,0.3,1.2,0.3,1.0,1.9,0.54,0.506,0.7,0.8,0.85,0.5,1.3,1.9,1.3,0.3,0.1,0.7,0.8,3.8
32496.0,2025,5098.0,Simone Fontecchio,,SF,29.0,3.0,NBA,DET,68,0.0,17.0,2.1,5.1,0.402,1.0,3.1,0.335,1.0,2.0,0.504,0.503,0.9,1.1,0.818,0.7,2.3,3.0,0.9,0.4,0.2,0.7,1.3,6.1
32498.0,2025,4291.0,Spencer Dinwiddie,,PG,31.0,11.0,NBA,DAL,74,27.0,26.7,3.6,8.6,0.423,1.4,4.1,0.337,2.3,4.5,0.502,0.503,2.4,3.0,0.796,0.2,2.4,2.6,4.3,0.9,0.2,1.2,1.5,11.1
32501.0,2025,3903.0,Stephen Curry,,PG,36.0,16.0,NBA,GSW,62,62.0,32.1,7.9,17.7,0.444,4.4,11.1,0.393,3.5,6.6,0.529,0.567,3.9,4.2,0.927,0.5,3.8,4.3,6.0,1.1,0.4,2.9,1.4,24.0
32502.0,2025,5295.0,Stephon Castle,,PG,20.0,1.0,NBA,SAS,73,39.0,26.0,5.1,12.0,0.425,1.2,4.1,0.284,3.9,7.9,0.497,0.473,2.9,4.0,0.714,1.0,2.3,3.3,3.7,0.9,0.2,2.1,2.0,14.2
32503.0,2025,4208.0,Steven Adams,,C,31.0,11.0,NBA,HOU,55,2.0,13.4,1.5,2.8,0.545,0.0,0.0,0.0,1.5,2.8,0.553,0.545,0.8,1.7,0.462,2.8,2.6,5.5,1.2,0.4,0.5,1.0,1.0,3.8
32504.0,2025,4671.0,Svi Mykhailiuk,,SF,27.0,7.0,NBA,UTA,32,13.0,19.3,3.0,8.1,0.368,1.8,5.5,0.324,1.2,2.6,0.463,0.479,0.7,0.9,0.821,0.5,1.8,2.3,1.8,0.5,0.2,1.3,1.3,8.4
32505.0,2025,4365.0,T.J. McConnell,,PG,32.0,10.0,NBA,IND,72,0.0,17.9,4.1,7.9,0.521,0.2,0.6,0.326,3.9,7.3,0.538,0.534,0.7,1.0,0.746,0.5,1.9,2.4,4.5,1.1,0.2,1.4,1.0,9.2
32506.0,2025,3905.0,Taj Gibson,,C,39.0,16.0,NBA,CHO,31,11.0,11.0,1.3,2.5,0.5,0.0,0.1,0.5,1.2,2.5,0.5,0.506,0.4,0.5,0.688,1.4,1.9,3.3,0.5,0.3,0.5,0.7,1.5,2.9
32507.0,2025,4789.0,Talen Horton-Tucker,,SG,24.0,6.0,NBA,CHI,51,0.0,11.2,2.0,4.6,0.446,0.7,2.0,0.36,1.3,2.6,0.511,0.524,0.8,1.2,0.677,0.3,1.4,1.7,1.3,0.4,0.2,0.7,1.0,5.6
32508.0,2025,5100.0,Tari Eason,,PF,23.0,3.0,NBA,HOU,52,14.0,25.3,4.8,9.8,0.489,1.1,3.3,0.349,3.7,6.6,0.558,0.547,1.5,1.9,0.788,2.3,4.2,6.4,1.4,1.8,0.8,1.2,2.5,12.3
32509.0,2025,4449.0,Taurean Prince,,SF,30.0,9.0,NBA,MIL,73,66.0,26.8,2.9,6.4,0.455,1.8,4.2,0.444,1.1,2.2,0.475,0.6,0.5,0.5,0.846,0.5,3.2,3.6,2.0,0.9,0.2,1.0,2.0,8.1
32510.0,2025,5199.0,Taylor Hendricks,,PF,21.0,2.0,NBA,UTA,3,3.0,25.0,1.3,6.0,0.222,1.0,4.0,0.25,0.3,2.0,0.167,0.306,1.0,1.3,0.75,1.7,3.3,5.0,0.7,1.7,1.3,0.7,2.7,4.7
32511.0,2025,5200.0,Taze Moore,,SG,26.0,2.0,NBA,POR,2,0.0,10.0,1.0,5.0,0.2,0.5,2.0,0.25,0.5,3.0,0.167,0.25,0.5,1.0,0.5,2.0,2.0,4.0,0.5,1.0,0.0,1.0,0.0,3.0
32512.0,2025,4791.0,Terance Mann,,SG,28.0,6.0,NBA,TOT,59,12.0,20.8,3.0,6.0,0.497,0.9,2.4,0.378,2.1,3.6,0.578,0.573,0.6,0.9,0.661,1.0,1.9,2.9,1.8,0.6,0.3,0.7,1.9,7.5
32513.0,2025,4791.0,Terance Mann,,SG,28.0,6.0,NBA,LAC,37,12.0,19.8,2.4,5.3,0.446,0.7,2.0,0.347,1.6,3.2,0.508,0.513,0.6,0.9,0.719,0.9,2.0,2.9,1.6,0.8,0.3,0.7,1.8,6.0
32514.0,2025,4791.0,Terance Mann,,SG,28.0,6.0,NBA,ATL,22,0.0,22.5,4.0,7.2,0.56,1.3,3.1,0.412,2.8,4.1,0.67,0.648,0.6,1.1,0.583,1.1,1.7,2.9,2.2,0.5,0.2,0.8,2.1,10.0
32515.0,2025,5296.0,Terrence Shannon Jr.,,SG,24.0,1.0,NBA,MIN,31,1.0,10.8,1.8,3.7,0.482,0.4,1.0,0.355,1.4,2.7,0.53,0.531,0.5,0.7,0.81,0.3,1.2,1.5,1.0,0.2,0.2,0.5,0.8,4.5
32516.0,2025,4366.0,Terry Rozier,,PG,30.0,10.0,NBA,MIA,61,23.0,26.3,4.0,10.2,0.396,1.5,4.9,0.302,2.5,5.2,0.484,0.469,1.5,1.8,0.852,0.7,3.1,3.7,2.7,0.6,0.2,1.2,1.2,11.1
32518.0,2025,4568.0,Thomas Bryant,,C,27.0,8.0,NBA,TOT,59,7.0,14.8,2.5,4.9,0.51,0.7,2.2,0.336,1.8,2.7,0.654,0.586,0.8,1.0,0.842,1.3,2.7,4.0,0.9,0.4,0.6,0.5,1.2,6.6
32519.0,2025,4568.0,Thomas Bryant,,C,27.0,8.0,NBA,MIA,10,0.0,11.5,1.2,2.8,0.429,0.6,1.7,0.353,0.6,1.1,0.545,0.536,1.1,1.1,1.0,0.6,2.6,3.2,0.4,0.1,0.9,0.2,0.9,4.1
32520.0,2025,4568.0,Thomas Bryant,,C,27.0,8.0,NBA,IND,49,7.0,15.4,2.8,5.3,0.519,0.8,2.3,0.333,2.0,3.0,0.662,0.592,0.8,0.9,0.804,1.4,2.7,4.1,1.0,0.5,0.5,0.5,1.2,7.1
32521.0,2025,5297.0,Tidjane Salaün,,PF,19.0,1.0,NBA,CHO,53,8.0,19.7,1.8,5.3,0.337,0.9,3.2,0.293,0.9,2.2,0.4,0.424,1.1,1.5,0.727,1.2,3.3,4.5,1.1,0.5,0.3,0.9,1.3,5.6
32522.0,2025,4209.0,Tim Hardaway Jr.,,SG,32.0,12.0,NBA,DET,70,70.0,27.8,3.5,8.7,0.404,2.1,5.8,0.365,1.4,2.9,0.483,0.526,1.6,1.9,0.843,0.3,2.2,2.4,1.6,0.5,0.1,0.6,1.2,10.7
32523.0,2025,4055.0,Tobias Harris,,PF,32.0,14.0,NBA,DET,69,69.0,32.1,5.3,11.2,0.472,1.2,3.7,0.336,4.1,7.6,0.538,0.527,2.0,2.3,0.867,0.9,5.1,6.1,2.2,1.0,0.8,1.1,1.8,13.8
32525.0,2025,4570.0,Torrey Craig,,SF,34.0,8.0,NBA,TOT,21,2.0,10.5,1.7,3.5,0.479,1.1,2.6,0.418,0.6,0.9,0.667,0.637,0.4,0.6,0.667,1.0,1.3,2.2,0.4,0.2,0.3,0.1,1.3,4.8
32526.0,2025,4570.0,Torrey Craig,,SF,34.0,8.0,NBA,CHI,9,1.0,12.6,2.4,5.0,0.489,1.7,3.9,0.429,0.8,1.1,0.7,0.656,0.3,0.4,0.75,0.9,1.9,2.8,0.6,0.2,0.1,0.0,1.7,6.9
32528.0,2025,5203.0,Tosan Evbuomwan,,SF,23.0,2.0,NBA,BRK,22,0.0,23.5,3.3,7.6,0.431,0.8,2.6,0.298,2.5,5.0,0.5,0.482,1.9,2.5,0.745,1.2,2.8,4.0,1.6,0.7,0.3,1.4,1.8,9.2
32529.0,2025,5204.0,Toumani Camara,,PF,24.0,2.0,NBA,POR,72,72.0,32.9,4.1,8.9,0.458,1.7,4.5,0.376,2.4,4.5,0.54,0.552,1.2,1.6,0.72,2.3,3.5,5.8,2.2,1.5,0.7,1.4,3.0,11.1
32530.0,2025,4675.0,Trae Young,,PG,26.0,7.0,NBA,ATL,69,69.0,36.1,7.4,18.1,0.409,2.8,8.4,0.334,4.6,9.7,0.475,0.487,6.4,7.4,0.874,0.5,2.7,3.1,11.5,1.2,0.2,4.8,1.9,24.1
32531.0,2025,5205.0,Trayce Jackson-Davis,,C,24.0,2.0,NBA,GSW,57,37.0,16.5,2.9,5.2,0.571,0.0,0.0,0.0,2.9,5.1,0.575,0.571,0.9,1.7,0.568,2.1,3.2,5.2,1.8,0.4,0.7,0.7,1.2,6.8
32532.0,2025,4887.0,Tre Jones,,PG,25.0,5.0,NBA,TOT,46,9.0,19.7,2.8,5.2,0.538,0.4,1.0,0.396,2.4,4.1,0.574,0.578,1.2,1.5,0.821,0.7,1.8,2.5,4.2,0.8,0.2,0.8,1.2,7.2
32533.0,2025,4887.0,Tre Jones,,PG,25.0,5.0,NBA,SAS,28,0.0,16.1,1.6,3.3,0.484,0.3,0.9,0.308,1.3,2.4,0.552,0.527,0.9,1.2,0.758,0.5,1.5,2.1,3.7,0.6,0.2,0.8,1.2,4.4
32534.0,2025,4887.0,Tre Jones,,PG,25.0,5.0,NBA,CHI,18,9.0,25.3,4.6,8.1,0.572,0.6,1.2,0.5,4.0,6.8,0.585,0.61,1.7,1.9,0.882,0.9,2.3,3.2,4.9,1.1,0.3,0.8,1.2,11.5
32535.0,2025,5012.0,Tre Mann,,PG,23.0,4.0,NBA,CHO,13,0.0,24.5,5.4,12.4,0.435,1.8,4.6,0.4,3.5,7.8,0.455,0.509,1.5,1.6,0.905,0.9,2.0,2.9,3.0,0.5,0.3,1.9,1.8,14.1
32536.0,2025,5014.0,Trendon Watford,,PF,24.0,4.0,NBA,BRK,38,0.0,19.9,3.5,7.7,0.457,0.7,2.1,0.316,2.8,5.6,0.509,0.5,1.8,2.4,0.753,0.7,2.6,3.3,2.4,0.7,0.3,1.8,2.1,9.5
32538.0,2025,5015.0,Trevelin Queen,,SG,27.0,4.0,NBA,ORL,29,2.0,13.6,1.6,4.6,0.351,0.6,2.4,0.246,1.0,2.2,0.462,0.414,0.5,0.6,0.882,0.8,0.8,1.6,1.2,1.0,0.3,0.8,1.3,4.3
32540.0,2025,5206.0,Trey Jemison,,C,25.0,2.0,NBA,TOT,33,0.0,10.7,1.2,2.1,0.543,0.0,0.0,,1.2,2.1,0.543,0.543,0.4,0.9,0.387,1.2,1.6,2.8,0.4,0.2,0.4,0.5,1.9,2.7
32541.0,2025,5206.0,Trey Jemison,,C,25.0,2.0,NBA,NOP,16,0.0,10.4,0.9,2.0,0.469,0.0,0.0,,0.9,2.0,0.469,0.469,0.5,1.3,0.381,1.4,1.4,2.8,0.6,0.4,0.4,0.6,1.7,2.4
32542.0,2025,5206.0,Trey Jemison,,C,25.0,2.0,NBA,LAL,17,0.0,11.1,1.4,2.2,0.605,0.0,0.0,,1.4,2.2,0.605,0.605,0.2,0.6,0.4,0.9,1.9,2.8,0.2,0.1,0.5,0.5,2.2,2.9
32543.0,2025,4369.0,Trey Lyles,,PF,29.0,10.0,NBA,SAC,62,2.0,18.4,2.2,5.3,0.409,1.1,3.4,0.336,1.0,1.9,0.538,0.517,0.8,1.1,0.727,1.1,3.4,4.5,1.2,0.6,0.4,0.5,1.2,6.2
32544.0,2025,5016.0,Trey Murphy III,,SF,24.0,4.0,NBA,NOP,53,51.0,35.0,7.2,15.8,0.454,3.0,8.3,0.361,4.2,7.6,0.556,0.548,3.8,4.3,0.887,0.9,4.2,5.1,3.5,1.1,0.7,1.9,2.1,21.2
32545.0,2025,5300.0,Tristan Da Silva,,SF,23.0,1.0,NBA,ORL,71,36.0,21.8,2.6,6.4,0.412,1.1,3.2,0.33,1.6,3.2,0.496,0.496,0.7,0.9,0.869,1.0,2.3,3.3,1.5,0.4,0.2,0.7,1.3,7.0
32547.0,2025,5207.0,Tristan Vukcevic,,C,21.0,2.0,NBA,WAS,30,1.0,12.9,2.9,6.1,0.481,0.9,2.7,0.329,2.0,3.4,0.604,0.555,1.1,1.5,0.773,0.6,2.7,3.4,1.0,0.4,0.6,0.9,1.4,7.9
32551.0,2025,4794.0,Ty Jerome,,SG,27.0,6.0,NBA,CLE,67,2.0,19.7,4.4,8.6,0.509,1.5,3.6,0.431,2.9,5.1,0.563,0.598,1.9,2.1,0.868,0.7,1.8,2.5,3.3,1.1,0.0,1.3,1.5,12.2
32553.0,2025,4796.0,Tyler Herro,,SG,25.0,6.0,NBA,MIA,72,72.0,35.6,8.4,17.9,0.469,3.3,8.9,0.372,5.1,8.9,0.567,0.562,3.6,4.2,0.873,0.4,4.7,5.2,5.6,0.9,0.2,2.6,1.1,23.7
32556.0,2025,4892.0,Tyrese Haliburton,,PG,24.0,5.0,NBA,IND,68,68.0,33.6,6.5,13.9,0.471,3.0,7.7,0.388,3.5,6.1,0.576,0.579,2.6,3.0,0.866,0.6,2.9,3.5,9.1,1.5,0.6,1.7,1.3,18.6
32557.0,2025,5104.0,Tyrese Martin,,SG,25.0,2.0,NBA,BRK,57,10.0,21.8,3.1,7.6,0.406,1.7,4.7,0.361,1.4,3.0,0.476,0.516,0.8,1.0,0.786,1.0,2.7,3.7,2.0,0.6,0.1,1.1,1.3,8.7
32558.0,2025,4893.0,Tyrese Maxey,,PG,24.0,5.0,NBA,PHI,52,52.0,37.7,9.2,21.0,0.437,3.1,9.2,0.337,6.1,11.8,0.515,0.511,4.9,5.6,0.879,0.3,3.1,3.3,6.1,1.8,0.4,2.4,2.2,26.3
,2025,,Tyson Etienne,,,25.0,,NBA,BRK,1,0.0,10.0,3.0,7.0,0.429,2.0,5.0,0.4,1.0,2.0,0.5,0.571,0.0,0.0,,0.0,0.0,0.0,1.0,0.0,0.0,0.0,2.0,8.0
32560.0,2025,4370.0,Tyus Jones,,PG,28.0,10.0,NBA,PHO,74,57.0,27.5,3.8,8.5,0.447,2.1,5.0,0.414,1.7,3.5,0.492,0.568,0.7,0.7,0.891,0.5,1.9,2.4,5.5,0.8,0.1,1.2,0.8,10.3
32562.0,2025,5208.0,Vasilije Micić,,PG,31.0,2.0,NBA,TOT,40,16.0,19.6,2.4,6.8,0.348,1.1,3.1,0.36,1.3,3.7,0.338,0.43,0.9,1.0,0.829,0.5,1.7,2.2,3.2,0.4,0.0,1.9,1.1,6.7
32563.0,2025,5208.0,Vasilije Micić,,PG,31.0,2.0,NBA,CHO,36,16.0,21.2,2.6,7.6,0.348,1.3,3.5,0.36,1.4,4.1,0.338,0.43,0.9,1.1,0.829,0.6,1.9,2.4,3.5,0.4,0.0,2.1,1.2,7.5
32565.0,2025,5209.0,Victor Wembanyama,,C,21.0,2.0,NBA,SAS,46,46.0,33.2,8.9,18.6,0.476,3.1,8.8,0.352,5.8,9.9,0.586,0.559,3.4,4.1,0.836,1.8,9.2,11.0,3.7,1.1,3.8,3.2,2.3,24.3
32566.0,2025,5105.0,Vince Williams Jr.,,SG,24.0,3.0,NBA,MEM,23,2.0,18.4,2.5,6.3,0.396,0.9,3.5,0.259,1.6,2.7,0.571,0.469,0.7,1.0,0.773,0.7,2.7,3.4,2.0,0.5,0.2,1.3,1.7,6.6
32567.0,2025,5019.0,Vit Krejci,,PG,24.0,4.0,NBA,ATL,49,16.0,20.4,2.4,5.2,0.461,1.5,3.7,0.406,0.9,1.6,0.592,0.604,0.6,0.8,0.675,0.3,2.3,2.6,2.6,0.6,0.5,0.9,2.0,6.9
32569.0,2025,5106.0,Walker Kessler,,C,23.0,3.0,NBA,UTA,57,57.0,30.1,4.8,7.2,0.667,0.1,0.6,0.182,4.7,6.6,0.71,0.675,1.4,2.6,0.531,4.6,7.6,12.2,1.7,0.6,2.4,1.5,2.2,11.1
32570.0,2025,4681.0,Wendell Carter Jr.,,C,25.0,7.0,NBA,ORL,63,46.0,25.9,3.3,7.2,0.455,0.6,2.3,0.236,2.7,4.9,0.56,0.493,1.9,2.6,0.739,2.2,5.2,7.4,2.0,0.7,0.6,1.1,3.0,9.1
32571.0,2025,5107.0,Wendell Moore Jr.,,SG,23.0,3.0,NBA,TOT,33,1.0,13.6,1.6,3.4,0.464,0.3,1.0,0.333,1.2,2.4,0.519,0.513,0.5,0.7,0.818,0.8,1.8,2.7,1.1,0.5,0.2,0.7,0.9,4.0
32572.0,2025,5107.0,Wendell Moore Jr.,,SG,23.0,3.0,NBA,DET,20,1.0,11.0,1.2,2.5,0.46,0.2,0.7,0.286,1.0,1.8,0.528,0.5,0.7,0.7,0.929,0.6,1.7,2.2,1.2,0.5,0.2,0.5,0.8,3.2
32573.0,2025,5107.0,Wendell Moore Jr.,,SG,23.0,3.0,NBA,CHO,13,0.0,17.6,2.2,4.8,0.468,0.5,1.5,0.368,1.7,3.3,0.512,0.524,0.4,0.6,0.625,1.3,2.2,3.5,1.1,0.6,0.2,1.0,1.2,5.4
32577.0,2025,5308.0,Yves Missi,,C,20.0,1.0,NBA,NOP,69,63.0,26.9,3.6,6.6,0.543,0.0,0.0,0.0,3.6,6.6,0.544,0.543,1.8,2.8,0.634,3.5,4.7,8.1,1.3,0.5,1.3,1.2,2.0,9.0
32578.0,2025,5309.0,Zaccharie Risacher,,SF,19.0,1.0,NBA,ATL,67,65.0,24.8,4.7,10.3,0.452,1.6,4.6,0.35,3.1,5.8,0.534,0.53,1.5,2.1,0.717,1.2,2.4,3.7,1.2,0.7,0.5,1.3,1.9,12.4
32579.0,2025,4580.0,Zach Collins,,PF,27.0,7.0,NBA,TOT,57,12.0,15.0,2.4,4.6,0.513,0.5,1.6,0.301,1.9,3.0,0.628,0.566,1.1,1.3,0.875,1.6,2.6,4.2,1.7,0.5,0.5,0.9,2.1,6.4
32580.0,2025,4580.0,Zach Collins,,C,27.0,7.0,NBA,SAS,36,4.0,11.8,1.7,3.7,0.462,0.4,1.3,0.304,1.3,2.4,0.547,0.515,0.9,1.0,0.886,1.1,1.8,2.8,1.4,0.4,0.4,0.6,1.9,4.6
32581.0,2025,4580.0,Zach Collins,,PF,27.0,7.0,NBA,CHI,21,8.0,20.6,3.6,6.3,0.564,0.7,2.2,0.298,2.9,4.1,0.709,0.617,1.5,1.8,0.865,2.5,4.2,6.7,2.1,0.6,0.6,1.3,2.4,9.3
32582.0,2025,5310.0,Zach Edey,,C,22.0,1.0,NBA,MEM,60,49.0,20.5,3.8,6.6,0.575,0.3,0.8,0.383,3.5,5.9,0.601,0.598,1.3,1.8,0.722,3.5,4.1,7.6,0.9,0.5,1.3,1.2,2.7,9.2
32583.0,2025,4299.0,Zach LaVine,,SF,29.0,11.0,NBA,TOT,67,67.0,34.9,8.3,16.2,0.51,3.1,7.1,0.435,5.2,9.2,0.568,0.605,3.2,3.9,0.821,0.3,4.1,4.4,4.2,0.8,0.2,2.9,1.5,22.9
32584.0,2025,4299.0,Zach LaVine,,SF,29.0,11.0,NBA,CHI,42,42.0,34.1,8.6,16.9,0.511,3.2,7.3,0.446,5.4,9.6,0.56,0.607,3.5,4.3,0.797,0.3,4.5,4.8,4.5,0.9,0.2,2.9,1.5,24.0
32585.0,2025,4299.0,Zach LaVine,,SG,29.0,11.0,NBA,SAC,25,25.0,36.2,7.7,15.1,0.508,2.8,6.8,0.414,4.9,8.4,0.584,0.601,2.8,3.2,0.877,0.3,3.4,3.7,3.7,0.7,0.1,3.0,1.5,21.0
32586.0,2025,4898.0,Zeke Nnaji,,PF,24.0,5.0,NBA,DEN,53,3.0,10.6,1.3,2.5,0.507,0.3,0.9,0.333,1.0,1.6,0.605,0.567,0.4,0.7,0.605,0.6,1.0,1.6,0.4,0.4,0.7,0.2,1.1,3.3
32587.0,2025,5024.0,Ziaire Williams,,SF,23.0,4.0,NBA,BRK,60,42.0,24.8,3.4,8.4,0.408,1.7,4.9,0.338,1.8,3.5,0.505,0.506,1.6,1.9,0.825,1.0,3.6,4.6,1.4,1.0,0.4,1.0,2.4,10.1
32588.0,2025,4803.0,Zion Williamson,,PF,24.0,5.0,NBA,NOP,30,30.0,28.6,9.6,16.9,0.567,0.1,0.4,0.231,9.5,16.5,0.576,0.57,5.3,8.0,0.656,2.5,4.7,7.2,5.3,1.2,0.9,3.0,2.7,24.6
