seas_id,season,player_id,player,birth_year,pos,age,experience,lg,tm,g,gs,mp_per_game,fg_per_game,fga_per_game,fg_percent,x3p_per_game,x3pa_per_game,x3p_percent,x2p_per_game,x2pa_per_game,x2p_percent,e_fg_percent,ft_per_game,fta_per_game,ft_percent,orb_per_game,drb_per_game,trb_per_game,ast_per_game,stl_per_game,blk_per_game,tov_per_game,pf_per_game,pts_per_game,normalized_name,Score_with_stats
31876.0,2025,4219.0,Aaron Gordon,0.0,PF,29.0,11.0,NBA,DEN,45,36.0,27.3,4.9,9.3,0.528,1.5,3.2,0.459,3.4,6.0,0.565,0.608,2.6,3.3,0.799,1.5,3.3,4.9,3.1,0.4,0.2,1.4,1.6,13.9,aaron gordon,4.636
31877.0,2025,4582.0,Aaron Holiday,0.0,PG,28.0,7.0,NBA,HOU,56,3.0,12.8,1.8,4.2,0.432,1.1,2.8,0.386,0.7,1.4,0.526,0.561,0.6,0.7,0.825,0.2,1.0,1.3,1.3,0.3,0.2,0.6,1.0,5.3,aaron holiday,1.826
31878.0,2025,4805.0,Aaron Nesmith,0.0,SF,25.0,5.0,NBA,IND,39,31.0,25.0,4.2,8.3,0.505,1.8,4.3,0.423,2.4,4.0,0.594,0.615,1.5,1.7,0.923,0.7,3.1,3.8,1.3,0.7,0.4,0.9,2.6,11.7,aaron nesmith,3.849
31884.0,2025,3734.0,Al Horford,0.0,C,38.0,18.0,NBA,BOS,57,40.0,27.7,3.2,7.6,0.422,1.9,5.2,0.36,1.3,2.4,0.555,0.545,0.6,0.7,0.895,1.3,4.7,6.1,2.1,0.6,0.9,0.8,1.4,8.9,al horford,3.674
31885.0,2025,3982.0,Alec Burks,0.0,SG,33.0,14.0,NBA,MIA,43,8.0,17.2,2.1,5.1,0.418,1.7,3.9,0.426,0.5,1.2,0.392,0.582,0.8,1.0,0.756,0.3,2.2,2.5,1.1,0.6,0.2,0.5,0.7,6.7,alec burks,2.394
31886.0,2025,4465.0,Alex Caruso,0.0,SG,30.0,8.0,NBA,OKC,50,2.0,19.2,2.5,5.7,0.447,1.1,3.2,0.354,1.4,2.5,0.563,0.546,0.7,0.9,0.814,0.7,2.2,2.9,2.6,1.6,0.6,0.7,1.8,6.9,alex caruso,2.776
31890.0,2025,4142.0,Alex Len,0.0,C,31.0,12.0,NBA,LAL,9,3.0,12.1,0.9,2.0,0.444,0.1,0.2,0.5,0.8,1.8,0.438,0.472,0.1,0.4,0.25,1.4,1.8,3.2,0.8,0.1,0.2,0.7,1.7,2.0,alex len,1.215
31897.0,2025,5113.0,Amen Thompson,0.0,SF,22.0,2.0,NBA,HOU,65,38.0,32.4,5.6,10.1,0.554,0.4,1.3,0.267,5.3,8.8,0.597,0.571,2.5,3.7,0.682,2.8,5.5,8.3,3.7,1.4,1.3,2.0,2.4,14.1,amen thompson,5.362
31898.0,2025,4690.0,Amir Coffey,0.0,SG,27.0,6.0,NBA,LAC,71,13.0,24.6,3.4,7.2,0.471,1.4,3.5,0.409,2.0,3.7,0.529,0.57,1.6,1.8,0.891,0.5,1.8,2.3,1.1,0.6,0.1,0.6,1.7,9.8,amir coffey,3.251
31899.0,2025,4064.0,Andre Drummond,0.0,C,31.0,13.0,NBA,PHI,40,23.0,18.8,2.9,5.9,0.5,0.1,0.5,0.15,2.9,5.4,0.533,0.506,1.4,2.3,0.622,2.7,5.0,7.8,0.9,1.0,0.5,1.4,2.4,7.3,andre drummond,3.063
31900.0,2025,5114.0,Andre Jackson Jr.,0.0,SG,23.0,2.0,NBA,MIL,62,43.0,14.9,1.4,3.0,0.465,0.5,1.2,0.387,0.9,1.8,0.518,0.543,0.2,0.4,0.545,1.0,1.8,2.8,1.3,0.5,0.2,0.9,1.8,3.5,andre jackson jr.,1.647
31902.0,2025,4223.0,Andrew Wiggins,0.0,SF,29.0,11.0,NBA,TOT,58,58.0,30.9,6.3,14.1,0.45,2.2,5.8,0.376,4.1,8.2,0.502,0.528,3.3,4.3,0.772,1.4,3.0,4.4,2.6,1.0,0.8,1.7,1.7,18.2,andrew wiggins,5.636
31903.0,2025,4223.0,Andrew Wiggins,0.0,SF,29.0,11.0,NBA,GSW,43,43.0,30.1,6.1,13.7,0.444,2.2,5.8,0.379,3.9,7.9,0.491,0.524,3.2,4.2,0.777,1.5,3.0,4.6,2.4,0.9,0.8,1.3,1.6,17.6,andrew wiggins,5.497
31904.0,2025,4223.0,Andrew Wiggins,0.0,SF,29.0,11.0,NBA,MIA,15,15.0,33.0,7.1,15.2,0.465,2.2,6.0,0.367,4.9,9.2,0.529,0.537,3.6,4.7,0.761,1.2,2.9,4.1,3.2,1.1,1.1,2.7,1.9,19.9,andrew wiggins,6.075
31905.0,2025,4586.0,Anfernee Simons,0.0,SG,25.0,7.0,NBA,POR,70,70.0,32.7,6.8,16.1,0.426,3.1,8.5,0.363,3.8,7.6,0.496,0.521,2.5,2.8,0.902,0.4,2.3,2.7,4.8,0.9,0.1,2.0,1.7,19.3,anfernee simons,5.908
31906.0,2025,5116.0,Anthony Black,0.0,PG,21.0,2.0,NBA,ORL,72,9.0,23.9,3.3,7.7,0.424,0.8,2.5,0.316,2.5,5.3,0.475,0.475,2.0,2.6,0.761,0.6,2.2,2.8,3.1,1.0,0.6,1.8,2.1,9.3,anthony black,3.353
31907.0,2025,4066.0,Anthony Davis,0.0,PF,31.0,13.0,NBA,TOT,47,47.0,33.7,9.2,17.8,0.517,0.7,2.3,0.287,8.6,15.5,0.551,0.536,5.7,7.3,0.774,2.7,8.9,11.5,3.5,1.2,2.1,2.1,1.9,24.8,anthony davis,8.066
31908.0,2025,4066.0,Anthony Davis,0.0,C,31.0,13.0,NBA,LAL,42,42.0,34.3,9.5,18.0,0.528,0.7,2.2,0.298,8.9,15.8,0.56,0.546,6.0,7.6,0.788,2.8,9.0,11.9,3.4,1.3,2.1,2.2,2.0,25.7,anthony davis,8.305
31909.0,2025,4066.0,Anthony Davis,0.0,PF,31.0,13.0,NBA,DAL,5,5.0,29.0,6.6,15.8,0.418,0.6,2.8,0.214,6.0,13.0,0.462,0.437,2.8,4.8,0.583,1.2,7.4,8.6,4.4,0.6,1.4,0.8,1.6,16.6,anthony davis,5.928
31910.0,2025,4808.0,Anthony Edwards,0.0,SG,23.0,5.0,NBA,MIN,72,72.0,36.2,9.0,20.3,0.441,4.0,10.1,0.395,5.0,10.2,0.486,0.539,5.3,6.3,0.839,0.8,4.9,5.7,4.6,1.1,0.6,3.2,1.8,27.2,anthony edwards,7.963
31916.0,2025,5117.0,Ausar Thompson,0.0,SF,22.0,2.0,NBA,DET,53,42.0,21.8,4.1,7.6,0.541,0.2,0.8,0.227,3.9,6.7,0.58,0.554,1.4,2.3,0.615,1.9,3.1,4.9,2.2,1.7,0.6,1.4,2.8,9.8,ausar thompson,3.621
31918.0,2025,4907.0,Ayo Dosunmu,0.0,SG,25.0,4.0,NBA,CHI,46,26.0,30.3,4.8,9.8,0.492,1.3,4.1,0.328,3.5,5.7,0.612,0.561,1.3,1.7,0.785,0.6,2.9,3.5,4.5,0.9,0.4,1.5,2.3,12.3,ayo dosunmu,4.427
31919.0,2025,4472.0,Bam Adebayo,0.0,C,27.0,8.0,NBA,MIA,73,73.0,34.4,6.8,14.0,0.485,0.9,2.7,0.333,5.9,11.3,0.522,0.518,3.2,4.2,0.761,2.4,7.3,9.7,4.3,1.3,0.7,2.1,2.1,17.7,bam adebayo,6.351
31921.0,2025,5118.0,Ben Sheppard,0.0,SG,23.0,2.0,NBA,IND,61,9.0,19.6,1.9,4.6,0.417,1.1,3.2,0.338,0.9,1.4,0.591,0.534,0.4,0.4,0.889,0.7,2.1,2.8,1.3,0.6,0.2,0.4,2.0,5.3,ben sheppard,2.2
31922.0,2025,4474.0,Ben Simmons,0.0,PG,28.0,7.0,NBA,TOT,46,24.0,23.0,2.5,4.7,0.528,0.0,0.0,0.0,2.5,4.7,0.528,0.528,0.5,0.7,0.727,0.9,4.1,5.0,6.0,0.8,0.5,2.1,2.2,5.5,ben simmons,2.981
31923.0,2025,4474.0,Ben Simmons,0.0,PG,28.0,7.0,NBA,BRK,33,24.0,25.0,2.8,5.2,0.547,0.0,0.0,0.0,2.8,5.2,0.547,0.547,0.5,0.8,0.692,0.9,4.3,5.2,6.9,0.8,0.5,2.7,2.5,6.2,ben simmons,3.265
31924.0,2025,4474.0,Ben Simmons,0.0,PG,28.0,7.0,NBA,LAC,13,0.0,17.8,1.7,3.7,0.458,0.0,0.0,0.0,1.7,3.7,0.458,0.458,0.5,0.5,0.857,1.0,3.5,4.5,3.5,0.9,0.5,0.7,1.4,3.8,ben simmons,2.248
31925.0,2025,5030.0,Bennedict Mathurin,0.0,SF,22.0,3.0,NBA,IND,67,48.0,30.1,5.5,11.9,0.466,1.4,4.0,0.352,4.1,7.9,0.525,0.526,3.7,4.4,0.839,1.2,4.2,5.4,1.9,0.6,0.4,1.9,2.3,16.1,bennedict mathurin,5.098
31926.0,2025,5119.0,Bilal Coulibaly,0.0,SF,20.0,2.0,NBA,WAS,59,59.0,33.0,4.5,10.6,0.421,1.1,3.8,0.281,3.4,6.8,0.5,0.472,2.3,3.1,0.746,1.5,3.4,5.0,3.4,1.3,0.7,2.1,2.4,12.3,bilal coulibaly,4.537
31927.0,2025,3984.0,Bismack Biyombo,0.0,C,32.0,14.0,NBA,SAS,20,18.0,17.9,2.4,3.6,0.653,0.0,0.0,0.0,2.4,3.6,0.653,0.653,0.5,1.0,0.474,1.6,3.7,5.2,1.3,0.7,0.8,0.9,1.8,5.2,bismack biyombo,2.418
31928.0,2025,5031.0,Blake Wesley,0.0,SG,21.0,3.0,NBA,SAS,50,0.0,10.5,1.3,2.9,0.448,0.3,0.9,0.304,1.0,1.9,0.515,0.497,0.5,0.9,0.614,0.3,0.6,0.9,1.8,0.6,0.1,0.9,0.7,3.4,blake wesley,1.367
31929.0,2025,4307.0,Bobby Portis,0.0,PF,29.0,10.0,NBA,MIL,46,7.0,25.2,5.6,12.1,0.463,1.3,3.6,0.364,4.3,8.5,0.505,0.517,1.2,1.5,0.821,1.8,6.5,8.3,2.2,0.7,0.5,1.2,1.9,13.7,bobby portis,4.861
31934.0,2025,4692.0,Bol Bol,0.0,PF,25.0,6.0,NBA,PHO,34,10.0,13.0,2.8,5.4,0.525,0.9,2.7,0.344,1.9,2.6,0.711,0.612,0.6,0.8,0.769,0.6,2.5,3.0,0.6,0.3,0.7,0.6,0.6,7.2,bol bol,2.415
31935.0,2025,4908.0,Bones Hyland,0.0,PG,24.0,4.0,NBA,TOT,23,0.0,10.3,2.0,5.1,0.398,1.4,3.6,0.39,0.7,1.6,0.417,0.534,1.0,1.1,0.885,0.2,0.8,1.0,1.4,0.8,0.2,1.1,1.3,6.5,bones hyland,1.986
31936.0,2025,4908.0,Bones Hyland,0.0,PG,24.0,4.0,NBA,LAC,20,0.0,11.1,2.3,5.8,0.391,1.6,4.0,0.388,0.7,1.8,0.4,0.526,1.2,1.3,0.885,0.3,1.0,1.2,1.4,0.9,0.2,1.2,1.3,7.2,bones hyland,2.19
31938.0,2025,4072.0,Bradley Beal,0.0,SG,31.0,13.0,NBA,PHO,48,33.0,32.2,6.6,13.1,0.505,1.9,4.9,0.395,4.7,8.3,0.569,0.578,2.2,2.7,0.813,0.7,2.7,3.4,3.6,1.0,0.5,1.9,2.6,17.3,bradley beal,5.464
31942.0,2025,4693.0,Brandon Clarke,0.0,PF,28.0,6.0,NBA,MEM,64,18.0,18.9,3.7,5.9,0.621,0.0,0.3,0.059,3.7,5.7,0.647,0.622,1.0,1.4,0.701,2.0,3.1,5.1,1.0,0.8,0.6,0.6,2.3,8.3,brandon clarke,3.093
31943.0,2025,4378.0,Brandon Ingram,0.0,SF,27.0,9.0,NBA,NOP,18,18.0,33.1,8.6,18.5,0.465,2.4,6.4,0.374,6.2,12.1,0.514,0.53,2.6,3.1,0.855,0.9,4.6,5.6,5.2,0.9,0.6,3.8,2.5,22.2,brandon ingram,6.831
31944.0,2025,5121.0,Brandon Miller,0.0,SF,22.0,2.0,NBA,CHO,27,27.0,34.2,7.3,18.2,0.403,3.9,10.9,0.355,3.5,7.3,0.475,0.509,2.5,2.9,0.861,0.9,3.9,4.9,3.6,1.1,0.7,2.8,2.7,21.0,brandon miller,6.403
31946.0,2025,5122.0,Brice Sensabaugh,0.0,SF,21.0,2.0,NBA,UTA,65,9.0,19.0,3.7,8.0,0.469,2.0,4.8,0.422,1.7,3.2,0.541,0.597,0.8,0.9,0.895,0.5,2.2,2.7,1.4,0.6,0.1,1.5,1.5,10.3,brice sensabaugh,3.218
31948.0,2025,3801.0,Brook Lopez,0.0,C,36.0,17.0,NBA,MIL,73,73.0,32.0,4.8,9.6,0.504,1.8,4.7,0.371,3.1,4.8,0.635,0.596,1.4,1.7,0.827,1.4,3.6,5.0,1.8,0.7,1.8,1.0,2.1,12.8,brook lopez,4.578
31949.0,2025,4593.0,Bruce Brown,0.0,PG,28.0,7.0,NBA,TOT,37,8.0,22.2,3.0,7.3,0.416,0.7,2.1,0.329,2.4,5.2,0.451,0.463,1.3,1.6,0.831,1.0,2.9,3.9,1.9,0.9,0.2,1.0,1.7,8.1,bruce brown,3.057
31950.0,2025,4593.0,Bruce Brown,0.0,PG,28.0,7.0,NBA,TOR,18,0.0,19.6,3.2,7.3,0.435,0.6,2.0,0.306,2.6,5.3,0.484,0.477,1.4,1.6,0.897,0.9,2.8,3.8,1.6,0.9,0.2,1.1,1.4,8.4,bruce brown,3.006
31951.0,2025,4593.0,Bruce Brown,0.0,PG,28.0,7.0,NBA,NOP,19,8.0,24.6,2.9,7.3,0.399,0.7,2.1,0.35,2.2,5.2,0.418,0.449,1.2,1.6,0.767,1.1,3.0,4.1,2.3,0.8,0.3,0.9,2.0,7.7,bruce brown,3.103
31955.0,2025,4381.0,Buddy Hield,0.0,SG,32.0,9.0,NBA,GSW,74,22.0,23.0,4.1,9.6,0.422,2.5,6.7,0.371,1.6,3.0,0.534,0.55,0.7,0.8,0.823,0.6,2.7,3.3,1.8,0.9,0.3,1.2,1.6,11.3,buddy hield,3.706
31956.0,2025,4150.0,CJ McCollum,0.0,PG,33.0,12.0,NBA,NOP,56,56.0,32.7,7.9,17.9,0.444,3.1,8.2,0.373,4.9,9.7,0.505,0.53,2.2,3.1,0.717,0.8,3.0,3.8,4.1,0.8,0.4,1.9,2.2,21.1,cj mccollum,6.373
31957.0,2025,4912.0,Cade Cunningham,0.0,PG,23.0,4.0,NBA,DET,66,66.0,35.2,9.6,20.7,0.462,2.1,6.0,0.354,7.4,14.7,0.506,0.513,4.5,5.2,0.858,0.8,5.3,6.1,9.2,1.0,0.7,4.5,2.8,25.7,cade cunningham,8.063
31959.0,2025,4696.0,Caleb Martin,0.0,SF,29.0,6.0,NBA,TOT,39,24.0,27.8,2.9,6.8,0.432,0.9,2.4,0.362,2.1,4.4,0.471,0.496,1.4,2.2,0.628,1.2,2.9,4.1,2.2,1.0,0.6,1.2,1.9,8.2,caleb martin,3.313
31960.0,2025,4696.0,Caleb Martin,0.0,SF,29.0,6.0,NBA,PHI,31,24.0,30.4,3.3,7.5,0.435,1.1,2.8,0.379,2.2,4.7,0.469,0.506,1.5,2.4,0.622,1.4,3.0,4.4,2.2,1.1,0.6,1.4,2.0,9.1,caleb martin,3.616
31961.0,2025,4696.0,Caleb Martin,0.0,SF,29.0,6.0,NBA,DAL,8,0.0,17.6,1.8,4.3,0.412,0.1,0.9,0.143,1.6,3.4,0.481,0.426,1.0,1.5,0.667,0.4,2.6,3.0,1.9,0.5,0.4,0.5,1.3,4.6,caleb martin,2.077
31963.0,2025,4697.0,Cam Reddish,0.0,SF,25.0,6.0,NBA,LAL,33,8.0,17.8,1.2,2.8,0.404,0.4,1.4,0.277,0.8,1.4,0.532,0.473,0.5,0.8,0.615,0.5,1.5,2.0,0.7,1.0,0.3,0.4,1.3,3.2,cam reddish,1.6
31965.0,2025,4913.0,Cam Thomas,0.0,SG,23.0,4.0,NBA,BRK,25,23.0,31.2,8.0,18.2,0.438,2.7,7.8,0.349,5.2,10.4,0.506,0.513,5.3,6.0,0.881,0.6,2.7,3.3,3.8,0.6,0.1,2.5,1.8,24.0,cam thomas,6.767
31967.0,2025,4698.0,Cameron Johnson,0.0,PF,28.0,6.0,NBA,BRK,57,57.0,31.6,6.2,13.1,0.475,2.8,7.2,0.39,3.4,5.9,0.578,0.582,3.5,3.9,0.893,0.9,3.4,4.3,3.4,0.9,0.4,1.7,1.8,18.8,cameron johnson,5.807
31969.0,2025,4382.0,Caris LeVert,0.0,SG,30.0,9.0,NBA,TOT,57,3.0,24.9,4.3,9.1,0.466,1.7,4.4,0.375,2.6,4.7,0.552,0.558,1.5,2.2,0.704,0.6,2.5,3.1,3.4,0.9,0.5,1.2,1.5,11.7,caris levert,4.012
31970.0,2025,4382.0,Caris LeVert,0.0,SF,30.0,9.0,NBA,CLE,38,3.0,23.8,3.6,7.8,0.453,1.6,3.9,0.405,2.0,3.9,0.5,0.554,1.5,2.2,0.699,0.6,2.2,2.8,3.7,0.9,0.5,1.3,1.3,10.2,caris levert,3.643
31971.0,2025,4382.0,Caris LeVert,0.0,SG,30.0,9.0,NBA,ATL,19,0.0,27.1,5.7,11.7,0.484,1.8,5.5,0.333,3.8,6.2,0.619,0.563,1.6,2.2,0.714,0.6,2.9,3.6,2.7,0.9,0.6,0.8,1.9,14.8,caris levert,4.767
31972.0,2025,5124.0,Cason Wallace,0.0,SG,21.0,2.0,NBA,OKC,64,42.0,27.5,3.4,7.1,0.473,1.1,3.1,0.364,2.3,4.0,0.556,0.551,0.5,0.6,0.833,1.0,2.4,3.4,2.6,1.8,0.5,0.9,2.1,8.3,cason wallace,3.393
31974.0,2025,5125.0,Chet Holmgren,0.0,C,22.0,2.0,NBA,OKC,27,27.0,27.1,5.2,10.6,0.488,1.3,3.5,0.358,3.9,7.1,0.552,0.547,2.9,4.0,0.72,1.6,6.8,8.3,1.9,0.7,2.2,1.9,2.1,14.5,chet holmgren,5.106
31975.0,2025,4481.0,Chris Boucher,0.0,PF,32.0,8.0,NBA,TOR,50,0.0,17.2,3.6,7.4,0.492,1.4,3.9,0.363,2.2,3.5,0.633,0.586,1.4,1.7,0.782,1.4,3.1,4.5,0.7,0.5,0.5,0.6,1.4,10.0,chris boucher,3.283
31978.0,2025,3585.0,Chris Paul,0.0,PG,39.0,20.0,NBA,SAS,74,74.0,28.0,2.9,6.9,0.425,1.7,4.5,0.384,1.2,2.4,0.503,0.551,1.1,1.1,0.94,0.4,3.2,3.6,7.6,1.3,0.2,1.5,1.8,8.7,chris paul,3.89
31979.0,2025,5036.0,Christian Braun,0.0,SG,23.0,3.0,NBA,DEN,73,71.0,33.5,5.9,10.3,0.574,1.1,2.8,0.394,4.8,7.5,0.641,0.627,2.2,2.7,0.824,1.2,3.8,5.1,2.5,1.1,0.5,1.0,2.1,15.2,christian braun,5.182
31981.0,2025,4818.0,Chuma Okeke,0.0,PF,26.0,5.0,NBA,PHI,7,3.0,24.4,2.6,4.7,0.545,1.4,3.1,0.455,1.1,1.6,0.727,0.697,0.3,0.4,0.667,2.9,3.3,6.1,1.9,0.7,0.4,0.4,0.7,6.9,chuma okeke,3.156
31982.0,2025,4230.0,Clint Capela,0.0,C,30.0,11.0,NBA,ATL,55,41.0,21.4,4.0,7.1,0.559,0.0,0.0,0.0,4.0,7.1,0.56,0.559,0.9,1.8,0.536,3.2,5.4,8.5,1.1,0.6,1.0,0.9,1.9,8.9,clint capela,3.65
31983.0,2025,4703.0,Coby White,0.0,SG,24.0,6.0,NBA,CHI,68,67.0,33.3,6.8,15.3,0.446,3.0,8.1,0.368,3.8,7.2,0.535,0.544,3.6,4.0,0.893,0.4,3.3,3.6,4.4,0.9,0.2,2.4,2.1,20.3,coby white,6.155
31984.0,2025,4704.0,Cody Martin,0.0,SF,29.0,6.0,NBA,TOT,47,8.0,23.1,2.8,6.5,0.428,0.9,3.1,0.297,1.9,3.4,0.547,0.498,0.8,1.2,0.691,1.0,3.3,4.4,2.1,1.1,0.6,1.0,1.9,7.3,cody martin,3.02
31985.0,2025,4704.0,Cody Martin,0.0,SF,29.0,6.0,NBA,CHO,39,8.0,24.8,3.0,6.9,0.433,1.0,3.2,0.323,1.9,3.7,0.528,0.507,0.9,1.3,0.694,1.0,3.5,4.5,2.3,1.1,0.7,1.1,1.8,7.8,cody martin,3.219
31986.0,2025,4704.0,Cody Martin,0.0,SF,29.0,6.0,NBA,PHO,8,0.0,15.1,1.9,4.8,0.395,0.4,2.6,0.143,1.5,2.1,0.706,0.434,0.5,0.8,0.667,1.1,2.6,3.8,1.1,1.3,0.4,0.8,2.0,4.6,cody martin,2.035
31990.0,2025,5127.0,Colby Jones,0.0,SG,22.0,2.0,NBA,WAS,9,0.0,20.4,3.0,5.4,0.551,1.0,2.3,0.429,2.0,3.1,0.643,0.643,1.7,2.6,0.652,0.7,2.1,2.8,2.1,1.3,0.4,0.8,1.2,8.7,colby jones,3.116
31991.0,2025,4819.0,Cole Anthony,0.0,PG,24.0,5.0,NBA,ORL,61,22.0,18.6,3.5,8.3,0.423,1.1,3.2,0.349,2.4,5.1,0.47,0.49,1.4,1.7,0.821,0.7,2.3,3.0,2.9,0.7,0.4,1.6,2.3,9.6,cole anthony,3.236
31995.0,2025,5128.0,Colin Castleton,0.0,C,24.0,2.0,NBA,TOT,20,4.0,15.3,1.5,3.4,0.433,0.1,0.6,0.167,1.4,2.8,0.491,0.448,1.2,1.4,0.821,1.8,2.4,4.2,0.9,0.4,0.5,1.1,1.6,4.2,colin castleton,1.893
31997.0,2025,5128.0,Colin Castleton,0.0,C,24.0,2.0,NBA,TOR,10,4.0,25.9,2.7,5.7,0.474,0.2,0.8,0.25,2.5,4.9,0.51,0.491,1.3,1.7,0.765,3.3,4.1,7.4,1.8,0.6,0.8,2.1,2.6,6.9,colin castleton,3.186
31999.0,2025,4598.0,Collin Sexton,0.0,SG,26.0,7.0,NBA,UTA,59,57.0,27.9,6.5,13.7,0.476,1.8,4.4,0.405,4.8,9.3,0.51,0.541,3.4,3.9,0.861,1.0,1.8,2.8,4.2,0.7,0.1,2.6,2.3,18.2,collin sexton,5.421
32001.0,2025,3992.0,Cory Joseph,0.0,PG,33.0,14.0,NBA,ORL,45,11.0,11.5,1.2,2.9,0.394,0.7,2.0,0.36,0.4,1.0,0.465,0.515,0.3,0.4,0.778,0.3,1.1,1.4,1.4,0.5,0.1,0.4,1.0,3.3,cory joseph,1.397
32008.0,2025,4705.0,DaQuan Jeffries,0.0,SG,27.0,5.0,NBA,CHO,40,15.0,22.0,2.5,6.1,0.408,1.2,3.4,0.346,1.3,2.7,0.486,0.504,0.5,0.6,0.826,0.8,2.0,2.8,1.1,0.6,0.6,0.7,2.2,6.7,daquan jeffries,2.568
32012.0,2025,5039.0,Dalen Terry,0.0,SG,22.0,3.0,NBA,CHI,68,4.0,13.3,1.6,3.5,0.461,0.5,1.4,0.37,1.1,2.2,0.517,0.531,0.7,1.0,0.701,0.5,1.1,1.6,1.3,0.6,0.2,0.7,1.5,4.5,dalen terry,1.713
32014.0,2025,4077.0,Damian Lillard,0.0,PG,34.0,13.0,NBA,MIL,58,58.0,36.1,7.7,17.1,0.448,3.4,9.0,0.376,4.3,8.1,0.528,0.547,6.2,6.8,0.921,0.5,4.2,4.7,7.1,1.2,0.2,2.8,1.7,24.9,damian lillard,7.59
32017.0,2025,4706.0,Daniel Gafford,0.0,C,26.0,6.0,NBA,DAL,52,29.0,21.8,5.0,7.1,0.701,0.0,0.0,0.0,5.0,7.1,0.701,0.701,2.4,3.4,0.693,2.8,4.1,6.9,1.4,0.4,1.8,1.2,2.7,12.4,daniel gafford,4.295
32018.0,2025,4487.0,Daniel Theis,0.0,C,32.0,8.0,NBA,NOP,38,9.0,16.3,1.6,3.4,0.473,0.2,1.0,0.243,1.4,2.4,0.565,0.508,0.8,1.0,0.838,1.2,3.2,4.3,1.6,0.5,0.5,0.7,1.8,4.3,daniel theis,2.067
32020.0,2025,4233.0,Dante Exum,0.0,PG,29.0,8.0,NBA,DAL,18,12.0,19.1,3.3,6.9,0.48,1.2,2.6,0.447,2.2,4.3,0.5,0.564,1.3,1.7,0.742,0.2,1.4,1.7,2.8,0.7,0.2,1.1,1.7,9.1,dante exum,3.035
32023.0,2025,4708.0,Darius Garland,0.0,PG,25.0,6.0,NBA,CLE,70,70.0,30.6,7.4,15.7,0.471,2.8,7.1,0.403,4.5,8.6,0.527,0.562,3.1,3.5,0.884,0.6,2.3,2.9,6.7,1.2,0.2,2.5,2.0,20.6,darius garland,6.345
32025.0,2025,5041.0,David Roddy,0.0,PF,23.0,3.0,NBA,TOT,30,3.0,12.5,1.7,3.7,0.464,0.6,1.8,0.333,1.1,1.9,0.586,0.545,0.6,0.7,0.818,0.4,2.2,2.6,1.1,0.5,0.3,0.7,0.6,4.7,david roddy,1.829
32026.0,2025,5041.0,David Roddy,0.0,PF,23.0,3.0,NBA,ATL,27,3.0,12.8,1.6,3.4,0.473,0.6,1.6,0.372,1.0,1.9,0.56,0.559,0.7,0.8,0.818,0.4,2.2,2.6,1.1,0.4,0.3,0.7,0.7,4.5,david roddy,1.786
32039.0,2025,3810.0,DeAndre Jordan,0.0,C,36.0,17.0,NBA,DEN,50,4.0,12.2,1.7,2.5,0.664,0.0,0.0,0.0,1.7,2.5,0.664,0.664,0.4,0.9,0.413,1.5,3.5,5.0,1.0,0.3,0.4,0.8,1.3,3.7,deandre jordan,1.815
32040.0,2025,3872.0,DeMar DeRozan,0.0,SF,35.0,16.0,NBA,SAC,70,70.0,36.0,8.1,16.8,0.483,1.1,3.2,0.345,7.0,13.5,0.515,0.516,4.8,5.6,0.867,0.6,3.3,3.9,4.4,0.9,0.4,1.4,1.9,22.1,demar derozan,6.768
32041.0,2025,4710.0,Dean Wade,0.0,PF,28.0,6.0,NBA,CLE,55,28.0,21.3,1.9,4.6,0.412,1.3,3.8,0.352,0.6,0.8,0.689,0.557,0.3,0.5,0.536,0.9,3.4,4.4,1.3,0.7,0.4,0.4,1.7,5.4,dean wade,2.457
32042.0,2025,4603.0,Deandre Ayton,0.0,C,26.0,7.0,NBA,POR,40,40.0,30.2,6.6,11.7,0.566,0.2,0.8,0.188,6.5,10.9,0.594,0.573,1.0,1.5,0.667,3.1,7.1,10.2,1.6,0.8,1.0,1.7,2.2,14.4,deandre ayton,5.335
32043.0,2025,4392.0,Dejounte Murray,0.0,PG,28.0,8.0,NBA,NOP,31,31.0,32.6,6.3,15.9,0.393,1.7,5.6,0.299,4.6,10.3,0.444,0.445,3.3,4.0,0.823,0.5,5.9,6.5,7.4,2.0,0.4,3.4,2.0,17.5,dejounte murray,6.169
32044.0,2025,4320.0,Delon Wright,0.0,PG,32.0,10.0,NBA,TOT,35,4.0,14.5,0.9,2.9,0.317,0.5,1.7,0.276,0.5,1.2,0.372,0.396,0.3,0.6,0.55,0.6,1.0,1.6,1.7,0.8,0.3,0.5,0.6,2.6,delon wright,1.412
32045.0,2025,4320.0,Delon Wright,0.0,PG,32.0,10.0,NBA,MIL,26,2.0,15.6,0.8,3.2,0.268,0.5,1.9,0.245,0.4,1.3,0.303,0.341,0.3,0.6,0.563,0.6,1.2,1.8,1.8,0.9,0.3,0.5,0.7,2.5,delon wright,1.45
32046.0,2025,4320.0,Delon Wright,0.0,PG,32.0,10.0,NBA,NYK,9,2.0,11.2,1.1,2.1,0.526,0.4,1.0,0.444,0.7,1.1,0.6,0.632,0.2,0.4,0.5,0.6,0.6,1.1,1.3,0.4,0.3,0.6,0.3,2.9,delon wright,1.288
32047.0,2025,4823.0,Deni Avdija,0.0,SF,24.0,5.0,NBA,POR,69,51.0,29.8,5.3,11.3,0.474,1.7,4.7,0.368,3.6,6.6,0.549,0.55,3.9,5.0,0.775,1.3,5.6,7.0,3.8,1.0,0.5,2.6,2.4,16.3,deni avdija,5.462
32054.0,2025,4492.0,Derrick White,0.0,SG,30.0,8.0,NBA,BOS,71,71.0,33.9,5.6,12.7,0.438,3.5,9.1,0.381,2.1,3.6,0.585,0.575,1.8,2.2,0.84,0.8,3.6,4.5,4.6,1.0,1.0,1.6,1.9,16.5,derrick white,5.574
32055.0,2025,4824.0,Desmond Bane,0.0,SG,26.0,5.0,NBA,MEM,63,62.0,31.7,7.0,14.4,0.484,2.3,5.9,0.388,4.7,8.6,0.55,0.563,2.5,2.9,0.883,0.9,5.1,6.0,5.4,1.2,0.4,2.5,2.4,18.8,desmond bane,6.184
32056.0,2025,4321.0,Devin Booker,0.0,SG,28.0,10.0,NBA,PHO,69,69.0,37.3,8.5,18.6,0.457,2.5,7.5,0.339,5.9,11.1,0.536,0.525,5.8,6.5,0.894,1.0,3.1,4.1,7.0,0.9,0.2,2.9,2.7,25.3,devin booker,7.624
32058.0,2025,4826.0,Devin Vassell,0.0,SG,24.0,5.0,NBA,SAS,59,48.0,31.0,6.2,14.0,0.444,2.4,6.6,0.368,3.8,7.4,0.512,0.531,1.5,1.9,0.798,0.5,3.4,4.0,2.9,1.3,0.6,1.3,1.7,16.4,devin vassell,5.294
32059.0,2025,4494.0,Dillon Brooks,0.0,SF,29.0,8.0,NBA,HOU,72,72.0,32.1,5.0,11.9,0.422,2.5,6.3,0.395,2.6,5.6,0.453,0.526,1.4,1.7,0.824,1.0,2.7,3.7,1.7,0.8,0.2,1.0,3.3,13.9,dillon brooks,4.538
32061.0,2025,4398.0,Domantas Sabonis,0.0,C,28.0,9.0,NBA,SAC,63,63.0,34.8,7.5,12.7,0.587,0.9,2.3,0.406,6.5,10.4,0.626,0.623,3.2,4.3,0.74,3.7,10.2,14.0,6.0,0.7,0.4,2.9,3.3,19.0,domantas sabonis,7.125
32064.0,2025,4495.0,Donovan Mitchell,0.0,SG,28.0,8.0,NBA,CLE,68,68.0,31.4,8.2,18.6,0.442,3.3,9.0,0.366,5.0,9.7,0.511,0.53,4.2,5.1,0.829,0.8,3.7,4.5,4.9,1.3,0.2,2.1,2.0,24.0,donovan mitchell,7.097
32065.0,2025,4607.0,Donte DiVincenzo,0.0,SG,28.0,7.0,NBA,MIN,56,10.0,26.1,4.0,9.6,0.416,2.8,7.1,0.393,1.2,2.5,0.482,0.562,0.9,1.1,0.79,0.5,3.2,3.8,3.8,1.2,0.3,1.5,1.8,11.6,donte divincenzo,4.104
32066.0,2025,4399.0,Dorian Finney-Smith,0.0,PF,31.0,9.0,NBA,TOT,57,38.0,28.6,3.1,6.9,0.446,2.0,4.9,0.405,1.1,2.0,0.543,0.589,0.5,0.8,0.651,1.3,2.7,4.0,1.4,0.9,0.4,0.9,2.2,8.6,dorian finney-smith,3.331
32067.0,2025,4399.0,Dorian Finney-Smith,0.0,PF,31.0,9.0,NBA,BRK,20,20.0,29.0,3.7,8.0,0.459,2.4,5.4,0.435,1.3,2.6,0.51,0.607,0.8,1.2,0.625,1.6,3.0,4.6,1.6,0.9,0.6,0.9,2.7,10.4,dorian finney-smith,3.819
32068.0,2025,4399.0,Dorian Finney-Smith,0.0,PF,31.0,9.0,NBA,LAL,37,18.0,28.5,2.8,6.4,0.436,1.8,4.6,0.386,1.0,1.8,0.569,0.576,0.4,0.5,0.684,1.2,2.6,3.8,1.3,1.0,0.2,0.9,1.9,7.7,dorian finney-smith,3.101
32070.0,2025,4085.0,Draymond Green,0.0,PF,34.0,13.0,NBA,GSW,60,58.0,29.0,3.2,7.5,0.43,1.2,3.6,0.321,2.1,3.9,0.53,0.507,1.5,2.2,0.687,1.1,5.0,6.1,5.6,1.5,1.1,2.5,3.2,9.1,draymond green,4.052
32071.0,2025,4609.0,Drew Eubanks,0.0,C,27.0,7.0,NBA,TOT,55,4.0,12.7,1.9,3.2,0.593,0.1,0.1,0.5,1.9,3.1,0.596,0.602,0.8,1.3,0.652,1.0,2.8,3.8,0.9,0.2,0.7,0.7,1.1,4.7,drew eubanks,1.959
32072.0,2025,4609.0,Drew Eubanks,0.0,C,27.0,7.0,NBA,UTA,37,4.0,15.4,2.4,3.9,0.607,0.1,0.1,0.6,2.3,3.8,0.607,0.617,1.0,1.5,0.632,1.1,3.5,4.5,1.2,0.3,0.9,0.8,1.2,5.8,drew eubanks,2.408
32077.0,2025,4610.0,Duncan Robinson,0.0,SF,30.0,7.0,NBA,MIA,68,35.0,24.4,3.9,9.0,0.434,2.5,6.5,0.387,1.4,2.5,0.56,0.575,0.6,0.7,0.88,0.2,2.0,2.3,2.5,0.6,0.1,1.2,1.9,11.0,duncan robinson,3.603
32079.0,2025,4239.0,Dwight Powell,0.0,C,33.0,11.0,NBA,DAL,50,3.0,10.2,0.8,1.1,0.727,0.0,0.0,0.5,0.8,1.1,0.736,0.736,0.5,0.8,0.659,0.9,1.3,2.2,1.1,0.3,0.4,0.4,1.5,2.2,dwight powell,1.195
32080.0,2025,5046.0,Dyson Daniels,0.0,SG,21.0,3.0,NBA,ATL,69,69.0,33.9,5.9,12.2,0.486,1.1,3.2,0.339,4.9,9.0,0.537,0.53,1.1,1.9,0.6,1.7,4.2,5.8,4.3,3.1,0.7,2.0,2.4,14.1,dyson daniels,5.328
32082.0,2025,4240.0,Elfrid Payton,0.0,PG,30.0,9.0,NBA,TOT,17,5.0,20.4,1.9,5.4,0.348,0.0,0.1,0.0,1.9,5.4,0.352,0.348,0.1,0.2,0.333,0.5,2.5,3.0,5.8,1.1,0.5,2.3,1.5,3.8,elfrid payton,2.326
32083.0,2025,4240.0,Elfrid Payton,0.0,PG,30.0,9.0,NBA,NOP,11,3.0,20.3,2.6,6.5,0.408,0.0,0.1,0.0,2.6,6.4,0.414,0.408,0.1,0.3,0.333,0.7,2.7,3.5,7.2,1.2,0.5,2.9,1.3,5.4,elfrid payton,2.846
32084.0,2025,4240.0,Elfrid Payton,0.0,PG,30.0,9.0,NBA,CHO,6,2.0,20.5,0.5,3.5,0.143,0.0,0.0,0.0,0.5,3.5,0.143,0.143,0.0,0.0,0.0,0.2,2.0,2.2,3.3,1.0,0.5,1.2,2.0,1.0,elfrid payton,1.403
32089.0,2025,3815.0,Eric Gordon,0.0,SG,36.0,17.0,NBA,PHI,39,13.0,19.7,2.2,5.2,0.426,1.4,3.5,0.409,0.8,1.7,0.463,0.564,0.9,1.2,0.75,0.2,1.0,1.2,1.7,0.7,0.3,0.7,0.8,6.8,eric gordon,2.424
32090.0,2025,4931.0,Evan Mobley,0.0,PF,23.0,4.0,NBA,CLE,66,66.0,30.3,7.2,12.7,0.563,1.2,3.1,0.371,6.0,9.6,0.625,0.608,3.1,4.2,0.73,2.2,7.0,9.3,3.1,0.8,1.6,2.0,2.0,18.6,evan mobley,6.304
32092.0,2025,4402.0,Fred VanVleet,0.0,PG,30.0,9.0,NBA,HOU,57,57.0,35.3,4.8,12.8,0.379,2.7,7.7,0.345,2.2,5.1,0.431,0.483,1.9,2.3,0.826,0.6,3.3,3.9,5.6,1.6,0.4,1.4,2.3,14.3,fred vanvleet,5.182
32094.0,2025,4717.0,Gabe Vincent,0.0,PG,28.0,6.0,NBA,LAL,66,11.0,21.2,2.4,5.9,0.406,1.5,4.3,0.362,0.8,1.6,0.523,0.537,0.2,0.3,0.714,0.3,1.0,1.3,1.4,0.7,0.2,0.6,2.1,6.6,gabe vincent,2.388
32096.0,2025,4718.0,Garrison Mathews,0.0,SG,28.0,6.0,NBA,ATL,46,2.0,17.2,2.1,5.4,0.395,1.8,4.6,0.389,0.3,0.8,0.432,0.56,1.4,1.7,0.818,0.3,1.5,1.8,1.3,0.6,0.3,0.6,1.7,7.4,garrison mathews,2.461
32097.0,2025,4245.0,Gary Harris,0.0,SG,30.0,11.0,NBA,ORL,42,2.0,15.0,1.0,2.7,0.354,0.6,2.0,0.314,0.3,0.6,0.481,0.473,0.2,0.3,0.583,0.4,1.0,1.4,0.6,0.6,0.3,0.3,1.0,2.7,gary harris,1.315
32099.0,2025,4617.0,Gary Trent Jr.,0.0,SG,26.0,7.0,NBA,MIL,67,8.0,25.5,3.8,8.8,0.432,2.4,5.8,0.418,1.4,3.0,0.461,0.569,1.0,1.1,0.87,0.3,2.0,2.3,1.1,1.0,0.1,0.6,1.7,11.1,gary trent jr.,3.587
32100.0,2025,4404.0,Georges Niang,0.0,PF,31.0,9.0,NBA,TOT,72,2.0,21.7,3.6,7.8,0.47,2.1,5.1,0.411,1.6,2.7,0.58,0.604,0.6,0.8,0.793,0.6,3.0,3.6,1.4,0.4,0.2,1.0,2.5,10.0,georges niang,3.325
32101.0,2025,4404.0,Georges Niang,0.0,PF,31.0,9.0,NBA,CLE,51,1.0,20.6,3.3,6.8,0.477,1.8,4.4,0.4,1.5,2.4,0.618,0.606,0.5,0.6,0.793,0.7,3.0,3.7,1.3,0.3,0.1,0.9,2.5,8.7,georges niang,3.007
32102.0,2025,4404.0,Georges Niang,0.0,PF,31.0,9.0,NBA,ATL,21,1.0,24.2,4.6,10.0,0.457,2.9,6.7,0.429,1.7,3.3,0.514,0.6,1.1,1.4,0.793,0.6,2.9,3.4,1.7,0.5,0.3,1.0,2.6,13.1,georges niang,4.096
32103.0,2025,4164.0,Giannis Antetokounmpo,0.0,PF,30.0,12.0,NBA,MIL,61,61.0,33.9,11.9,19.8,0.601,0.1,0.8,0.176,11.7,19.0,0.619,0.604,6.3,10.5,0.605,2.3,9.6,11.9,5.9,0.8,1.2,3.2,2.5,30.2,giannis antetokounmpo,9.391
32104.0,2025,4719.0,Goga Bitadze,0.0,C,25.0,6.0,NBA,ORL,65,41.0,20.7,3.0,4.9,0.618,0.0,0.4,0.12,3.0,4.5,0.661,0.623,1.2,1.9,0.634,2.4,4.3,6.7,2.0,0.7,1.4,1.1,2.2,7.3,goga bitadze,3.195
32105.0,2025,5143.0,Gradey Dick,0.0,SG,21.0,2.0,NBA,TOR,54,54.0,29.4,4.9,12.0,0.41,2.1,6.0,0.35,2.8,5.9,0.47,0.498,2.5,2.9,0.858,0.8,2.8,3.6,1.8,0.9,0.2,1.5,2.2,14.4,gradey dick,4.549
32106.0,2025,4720.0,Grant Williams,0.0,PF,26.0,6.0,NBA,CHO,16,7.0,29.9,3.4,7.7,0.439,1.7,4.6,0.365,1.7,3.1,0.551,0.549,1.9,2.3,0.838,1.1,4.0,5.1,2.3,1.1,0.8,1.8,2.9,10.4,grant williams,3.918
32107.0,2025,4619.0,Grayson Allen,0.0,SG,29.0,7.0,NBA,PHO,57,3.0,24.1,3.2,7.3,0.445,2.3,5.4,0.43,0.9,1.9,0.486,0.603,1.4,1.8,0.81,0.5,2.5,3.0,2.1,0.9,0.3,1.1,1.5,10.2,grayson allen,3.487
32110.0,2025,4089.0,Harrison Barnes,0.0,PF,32.0,13.0,NBA,SAS,74,74.0,26.9,4.0,8.1,0.497,1.7,4.2,0.416,2.3,3.9,0.585,0.605,1.9,2.4,0.789,1.3,2.4,3.7,1.7,0.4,0.2,0.6,0.9,11.7,harrison barnes,3.939
32112.0,2025,4622.0,Haywood Highsmith,0.0,SF,28.0,5.0,NBA,MIA,67,40.0,24.6,2.4,5.1,0.462,1.2,3.0,0.388,1.2,2.1,0.567,0.576,0.4,0.6,0.732,0.9,2.4,3.3,1.5,1.0,0.5,0.7,2.2,6.3,haywood highsmith,2.683
32115.0,2025,4837.0,Immanuel Quickley,0.0,PG,25.0,5.0,NBA,TOR,30,30.0,28.3,5.6,13.4,0.42,2.6,6.8,0.38,3.0,6.6,0.462,0.517,3.6,4.2,0.865,0.5,3.1,3.5,5.8,0.7,0.1,1.8,1.9,17.5,immanuel quickley,5.531
32117.0,2025,4838.0,Isaac Okoro,0.0,SG,24.0,5.0,NBA,CLE,49,21.0,18.7,2.1,4.6,0.453,1.0,2.7,0.374,1.1,1.9,0.565,0.563,0.7,0.9,0.711,0.8,1.3,2.2,1.3,0.6,0.3,0.4,1.9,5.8,isaac okoro,2.234
32120.0,2025,4626.0,Isaiah Hartenstein,0.0,C,26.0,7.0,NBA,OKC,53,50.0,28.0,4.9,8.6,0.575,0.0,0.3,0.0,4.9,8.2,0.599,0.575,1.5,2.2,0.684,2.8,8.0,10.8,3.9,0.8,1.1,1.7,3.0,11.3,isaiah hartenstein,4.834
32122.0,2025,4839.0,Isaiah Joe,0.0,SG,25.0,5.0,NBA,OKC,68,13.0,21.3,3.5,7.9,0.441,2.6,6.2,0.413,0.9,1.7,0.544,0.603,0.6,0.7,0.796,0.5,2.1,2.6,1.5,0.6,0.1,0.5,1.5,10.1,isaiah joe,3.295
32124.0,2025,4840.0,Isaiah Stewart,0.0,C,23.0,5.0,NBA,DET,69,3.0,19.6,2.4,4.3,0.562,0.2,0.7,0.311,2.2,3.7,0.607,0.586,0.9,1.2,0.759,1.8,3.7,5.5,1.7,0.4,1.4,0.9,2.4,6.0,isaiah stewart,2.714
32126.0,2025,4409.0,Ivica Zubac,0.0,C,27.0,9.0,NBA,LAC,73,73.0,32.7,7.3,11.7,0.621,0.0,0.0,0.0,7.3,11.7,0.621,0.621,1.9,3.0,0.647,3.8,8.8,12.6,2.5,0.7,1.2,1.6,2.2,16.5,ivica zubac,6.199
32131.0,2025,4723.0,Ja Morant,0.0,PG,25.0,6.0,NBA,MEM,45,45.0,30.2,7.7,17.2,0.448,1.5,5.3,0.289,6.2,11.9,0.52,0.493,5.4,6.5,0.827,0.6,3.6,4.2,7.4,1.2,0.2,3.7,2.2,22.4,ja morant,6.824
32138.0,2025,5053.0,Jaden Hardy,0.0,SG,22.0,3.0,NBA,DAL,53,3.0,15.4,3.1,7.0,0.439,1.3,3.3,0.395,1.8,3.7,0.479,0.534,1.0,1.4,0.689,0.2,1.3,1.5,1.3,0.5,0.1,1.4,1.6,8.4,jaden hardy,2.562
32139.0,2025,5054.0,Jaden Ivey,0.0,SG,22.0,3.0,NBA,DET,30,30.0,29.9,6.3,13.8,0.46,2.1,5.1,0.409,4.2,8.6,0.49,0.536,2.8,3.9,0.733,1.3,2.8,4.1,4.0,0.9,0.4,3.0,2.2,17.6,jaden ivey,5.475
32140.0,2025,4841.0,Jaden McDaniels,0.0,PF,24.0,5.0,NBA,MIN,75,75.0,32.0,4.9,10.2,0.484,1.3,3.8,0.345,3.6,6.4,0.565,0.548,1.3,1.6,0.814,1.6,4.3,5.9,2.1,1.4,0.9,1.1,2.8,12.5,jaden mcdaniels,4.613
32144.0,2025,4091.0,Jae Crowder,0.0,PF,34.0,13.0,NBA,SAC,8,2.0,12.3,0.8,2.4,0.316,0.4,1.8,0.214,0.4,0.6,0.6,0.395,0.6,0.8,0.833,0.8,1.5,2.3,0.6,0.4,0.0,0.5,1.3,2.5,jae crowder,1.21
32149.0,2025,5055.0,Jake LaRavia,0.0,PF,23.0,3.0,NBA,TOT,66,0.0,20.4,2.4,5.1,0.475,0.9,2.2,0.423,1.5,3.0,0.513,0.564,1.2,1.7,0.678,1.4,2.6,3.9,2.4,0.9,0.3,1.3,2.0,6.9,jake laravia,2.779
32150.0,2025,5055.0,Jake LaRavia,0.0,PF,23.0,3.0,NBA,MEM,47,0.0,20.9,2.5,5.1,0.49,0.9,1.9,0.444,1.7,3.2,0.517,0.573,1.4,2.0,0.698,1.4,2.9,4.4,2.8,0.9,0.4,1.5,2.0,7.3,jake laravia,2.96
32151.0,2025,5055.0,Jake LaRavia,0.0,PF,23.0,3.0,NBA,SAC,19,0.0,19.3,2.2,5.1,0.438,1.1,2.7,0.385,1.2,2.3,0.5,0.542,0.6,1.0,0.579,1.2,1.6,2.8,1.3,0.9,0.2,0.9,2.1,6.1,jake laravia,2.363
32152.0,2025,4411.0,Jakob Poeltl,0.0,C,29.0,9.0,NBA,TOR,55,54.0,29.7,6.4,10.2,0.63,0.0,0.1,0.333,6.4,10.1,0.632,0.631,1.7,2.6,0.669,3.3,6.4,9.7,2.8,1.2,1.2,1.9,3.1,14.6,jakob poeltl,5.449
32154.0,2025,4629.0,Jalen Brunson,0.0,PG,28.0,7.0,NBA,NYK,61,61.0,35.4,9.1,18.7,0.49,2.3,6.0,0.384,6.9,12.7,0.541,0.552,5.7,7.0,0.825,0.4,2.6,3.0,7.4,1.0,0.1,2.5,2.2,26.3,jalen brunson,7.767
32155.0,2025,5056.0,Jalen Duren,0.0,C,21.0,3.0,NBA,DET,72,72.0,26.0,4.8,6.9,0.696,0.0,0.0,0.0,4.8,6.9,0.696,0.696,2.1,3.1,0.677,3.5,6.7,10.2,2.6,0.7,1.1,1.7,3.3,11.7,jalen duren,4.654
32156.0,2025,4948.0,Jalen Green,0.0,SG,22.0,4.0,NBA,HOU,76,76.0,33.5,7.6,17.8,0.425,2.9,8.3,0.352,4.7,9.5,0.488,0.507,3.4,4.2,0.816,0.6,4.2,4.7,3.4,0.9,0.3,2.5,1.6,21.5,jalen green,6.46
32160.0,2025,4949.0,Jalen Johnson,0.0,SF,23.0,4.0,NBA,ATL,36,36.0,35.7,7.5,15.1,0.5,1.2,3.9,0.312,6.3,11.1,0.566,0.541,2.6,3.5,0.746,1.7,8.3,10.0,5.0,1.6,1.0,2.9,1.9,18.9,jalen johnson,6.766
32162.0,2025,5154.0,Jalen Pickett,0.0,SG,25.0,2.0,NBA,DEN,42,0.0,11.7,1.3,3.2,0.421,0.7,1.7,0.397,0.6,1.4,0.45,0.53,0.1,0.1,0.75,0.2,1.0,1.2,1.9,0.4,0.1,0.4,0.7,3.4,jalen pickett,1.46
32163.0,2025,4845.0,Jalen Smith,0.0,C,24.0,5.0,NBA,CHI,60,1.0,15.1,3.0,6.4,0.467,1.2,3.6,0.329,1.8,2.8,0.643,0.559,1.1,1.4,0.817,1.4,4.2,5.6,1.0,0.3,0.7,0.6,1.6,8.2,jalen smith,2.96
32165.0,2025,5057.0,Jalen Williams,0.0,SG,23.0,3.0,NBA,OKC,64,64.0,32.4,8.0,16.8,0.48,1.8,5.0,0.366,6.2,11.8,0.528,0.535,3.3,4.2,0.789,0.8,4.5,5.4,5.2,1.6,0.7,2.2,2.3,21.2,jalen williams,6.724
32166.0,2025,5156.0,Jalen Wilson,0.0,PF,24.0,2.0,NBA,BRK,75,19.0,25.5,3.0,7.7,0.391,1.4,4.4,0.319,1.6,3.3,0.486,0.482,1.7,2.1,0.84,0.9,2.4,3.3,1.8,0.5,0.1,1.0,2.1,9.2,jalen wilson,3.257
32167.0,2025,5058.0,Jamal Cain,0.0,SF,25.0,3.0,NBA,NOP,30,0.0,10.9,1.0,2.7,0.378,0.5,1.6,0.298,0.6,1.2,0.486,0.463,0.6,0.9,0.654,0.7,1.2,1.9,0.5,0.4,0.3,0.4,1.0,3.1,jamal cain,1.29
32168.0,2025,4412.0,Jamal Murray,0.0,PG,27.0,8.0,NBA,DEN,65,65.0,36.3,8.0,16.8,0.476,2.4,6.0,0.396,5.6,10.8,0.52,0.546,3.2,3.7,0.887,0.7,3.2,3.8,6.0,1.4,0.5,2.0,1.9,21.6,jamal murray,6.838
32171.0,2025,3880.0,James Harden,0.0,PG,35.0,16.0,NBA,LAC,72,72.0,35.1,6.5,16.4,0.4,3.0,8.7,0.348,3.5,7.7,0.458,0.492,6.4,7.3,0.875,0.7,5.1,5.8,8.6,1.5,0.7,4.4,2.1,22.5,james harden,7.23
32175.0,2025,5157.0,Jarace Walker,0.0,PF,21.0,2.0,NBA,IND,68,3.0,15.4,2.1,4.6,0.463,0.9,2.4,0.385,1.2,2.2,0.547,0.563,0.6,1.0,0.667,0.3,2.5,2.8,1.4,0.8,0.3,1.0,1.6,5.8,jarace walker,2.196
32183.0,2025,4631.0,Jaren Jackson Jr.,0.0,C,25.0,7.0,NBA,MEM,68,68.0,29.5,8.1,16.4,0.496,2.0,5.1,0.381,6.2,11.3,0.548,0.555,4.2,5.4,0.776,1.2,4.5,5.7,2.1,1.3,1.6,2.1,3.4,22.4,jaren jackson jr.,6.63
32184.0,2025,4633.0,Jarred Vanderbilt,0.0,PF,25.0,7.0,NBA,LAL,30,2.0,16.2,1.6,3.4,0.485,0.3,1.0,0.29,1.3,2.3,0.571,0.53,0.5,0.9,0.536,1.7,3.2,5.0,1.3,1.0,0.2,0.7,1.9,4.1,jarred vanderbilt,2.078
32185.0,2025,4515.0,Jarrett Allen,0.0,C,26.0,8.0,NBA,CLE,75,75.0,28.5,5.6,8.0,0.706,0.0,0.1,0.0,5.6,7.9,0.711,0.706,2.5,3.5,0.724,2.7,7.3,10.0,1.9,1.0,0.9,1.2,1.6,13.8,jarrett allen,5.173
32186.0,2025,4729.0,Javonte Green,0.0,SG,31.0,6.0,NBA,TOT,62,18.0,19.2,1.9,4.2,0.444,0.7,2.1,0.359,1.1,2.1,0.526,0.533,0.9,1.2,0.73,0.9,2.4,3.3,0.8,1.0,0.5,0.5,1.5,5.4,javonte green,2.269
32187.0,2025,4729.0,Javonte Green,0.0,SG,31.0,6.0,NBA,NOP,50,18.0,21.8,2.0,4.5,0.446,0.8,2.2,0.352,1.2,2.3,0.534,0.531,1.0,1.3,0.758,1.0,2.6,3.6,0.9,1.1,0.6,0.6,1.5,5.8,javonte green,2.48
32189.0,2025,4730.0,Jaxson Hayes,0.0,C,24.0,6.0,NBA,LAL,50,29.0,19.8,2.9,4.0,0.731,0.0,0.1,0.0,2.9,4.0,0.742,0.731,1.1,1.7,0.663,1.4,3.4,4.7,1.1,0.5,0.9,0.8,2.4,7.0,jaxson hayes,2.78
32191.0,2025,4414.0,Jaylen Brown,0.0,SF,28.0,9.0,NBA,BOS,59,59.0,34.9,8.3,18.1,0.461,1.8,5.8,0.319,6.5,12.3,0.528,0.512,3.9,5.2,0.76,1.4,4.5,5.9,4.6,1.2,0.3,2.6,2.5,22.4,jaylen brown,6.954
32196.0,2025,4732.0,Jaylen Nowell,0.0,SG,25.0,6.0,NBA,NOP,8,0.0,21.0,3.3,9.1,0.356,1.0,3.4,0.296,2.3,5.8,0.391,0.411,0.9,1.4,0.636,0.8,1.8,2.5,2.3,0.1,0.5,1.0,1.1,8.4,jaylen nowell,2.962
32200.0,2025,4518.0,Jayson Tatum,0.0,PF,26.0,8.0,NBA,BOS,68,68.0,36.4,9.3,20.5,0.454,3.5,10.1,0.348,5.8,10.3,0.559,0.541,5.0,6.2,0.814,0.7,8.1,8.8,5.9,1.1,0.5,3.0,2.1,27.1,jayson tatum,8.401
32204.0,2025,3761.0,Jeff Green,0.0,PF,38.0,17.0,NBA,HOU,28,2.0,12.1,1.8,3.5,0.515,0.8,2.1,0.367,1.0,1.3,0.757,0.629,0.6,0.7,0.85,0.4,1.4,1.7,0.5,0.2,0.1,0.3,1.0,5.0,jeff green,1.719
32205.0,2025,4257.0,Jerami Grant,0.0,PF,30.0,11.0,NBA,POR,47,47.0,32.4,4.6,12.2,0.373,2.3,6.3,0.365,2.3,5.9,0.381,0.467,3.0,3.5,0.849,0.6,2.9,3.5,2.1,0.9,1.0,1.4,2.3,14.4,jerami grant,4.702
32207.0,2025,5064.0,Jeremy Sochan,0.0,PF,21.0,3.0,NBA,SAS,54,23.0,25.3,4.6,8.7,0.535,0.5,1.7,0.308,4.1,7.0,0.59,0.565,1.6,2.3,0.696,2.4,4.2,6.5,2.4,0.8,0.5,1.6,2.4,11.4,jeremy sochan,4.173
32212.0,2025,5160.0,Jett Howard,0.0,SF,21.0,2.0,NBA,ORL,57,0.0,11.1,1.5,4.1,0.356,0.9,3.0,0.298,0.6,1.1,0.508,0.464,0.3,0.4,0.75,0.4,0.8,1.2,0.7,0.2,0.2,0.5,1.0,4.1,jett howard,1.441
32214.0,2025,4023.0,Jimmy Butler,0.0,SF,35.0,14.0,NBA,TOT,47,47.0,31.3,5.4,11.0,0.493,0.5,1.9,0.278,4.9,9.1,0.539,0.517,5.7,6.9,0.824,2.4,3.3,5.7,5.5,1.2,0.3,1.4,1.0,17.1,jimmy butler,5.813
32215.0,2025,4023.0,Jimmy Butler,0.0,PF,35.0,14.0,NBA,MIA,25,25.0,30.6,5.7,10.5,0.54,0.5,1.4,0.361,5.2,9.1,0.568,0.565,5.2,6.4,0.801,2.2,3.0,5.2,4.8,1.1,0.4,1.2,0.9,17.0,jimmy butler,5.688
32216.0,2025,4023.0,Jimmy Butler,0.0,SF,35.0,14.0,NBA,GSW,22,22.0,32.0,5.1,11.5,0.445,0.5,2.5,0.222,4.6,9.1,0.505,0.469,6.3,7.4,0.847,2.6,3.5,6.1,6.3,1.4,0.3,1.7,1.0,17.1,jimmy butler,5.93
32217.0,2025,4962.0,Jock Landale,0.0,C,29.0,4.0,NBA,HOU,38,1.0,10.8,1.7,3.4,0.508,0.2,0.5,0.4,1.5,2.9,0.527,0.538,0.6,0.9,0.667,1.3,1.8,3.0,0.8,0.3,0.2,0.5,1.1,4.3,jock landale,1.698
32219.0,2025,4416.0,Joel Embiid,0.0,C,30.0,9.0,NBA,PHI,19,19.0,30.2,7.4,16.6,0.444,1.2,4.1,0.299,6.2,12.5,0.492,0.481,7.8,8.9,0.882,1.9,6.3,8.2,4.5,0.7,0.9,3.3,2.2,23.8,joel embiid,7.232
32220.0,2025,4519.0,John Collins,0.0,PF,27.0,8.0,NBA,UTA,40,31.0,30.5,7.0,13.3,0.527,1.5,3.7,0.399,5.5,9.6,0.577,0.583,3.5,4.1,0.848,2.2,6.0,8.2,2.0,1.0,1.0,2.6,2.9,19.0,john collins,6.082
32221.0,2025,4734.0,John Konchar,0.0,SG,28.0,6.0,NBA,MEM,42,4.0,12.2,0.9,2.0,0.43,0.5,1.4,0.356,0.4,0.6,0.593,0.552,0.2,0.2,0.875,0.8,2.5,3.3,0.9,0.5,0.3,0.4,0.8,2.4,john konchar,1.383
32228.0,2025,4522.0,Jonathan Isaac,0.0,PF,27.0,6.0,NBA,ORL,66,0.0,15.3,1.8,4.5,0.406,0.6,2.2,0.262,1.3,2.3,0.542,0.47,1.0,1.4,0.67,1.6,2.7,4.4,0.5,0.9,1.1,0.4,1.3,5.2,jonathan isaac,2.219
32229.0,2025,4966.0,Jonathan Kuminga,0.0,PF,22.0,4.0,NBA,GSW,41,10.0,25.0,5.7,12.5,0.455,1.0,3.3,0.319,4.6,9.2,0.504,0.497,3.5,5.3,0.665,1.2,3.4,4.6,2.2,0.9,0.5,1.5,1.9,16.0,jonathan kuminga,4.945
32231.0,2025,4265.0,Jordan Clarkson,0.0,SG,32.0,11.0,NBA,UTA,37,9.0,26.0,5.4,13.3,0.408,2.3,6.3,0.362,3.2,7.1,0.448,0.493,3.1,3.9,0.797,0.7,2.5,3.2,3.7,0.8,0.2,2.3,1.4,16.2,jordan clarkson,4.942
32233.0,2025,5162.0,Jordan Hawkins,0.0,SG,22.0,2.0,NBA,NOP,56,9.0,23.6,3.7,9.9,0.372,2.0,5.9,0.331,1.7,4.0,0.433,0.471,1.4,1.8,0.816,0.4,2.4,2.8,1.2,0.5,0.4,1.0,0.9,10.8,jordan hawkins,3.489
32237.0,2025,5163.0,Jordan Miller,0.0,SF,25.0,2.0,NBA,LAC,34,0.0,12.1,1.7,3.9,0.435,0.2,1.1,0.216,1.4,2.8,0.521,0.466,0.8,1.0,0.788,0.7,1.0,1.7,1.0,0.5,0.1,0.7,0.7,4.4,jordan miller,1.632
32238.0,2025,4737.0,Jordan Poole,0.0,SG,25.0,6.0,NBA,WAS,65,65.0,29.7,6.7,15.6,0.43,3.5,9.2,0.381,3.2,6.4,0.5,0.542,3.6,4.1,0.883,0.4,2.6,3.0,4.5,1.3,0.4,3.1,3.0,20.5,jordan poole,6.015
32240.0,2025,4969.0,Jose Alvarado,0.0,PG,26.0,4.0,NBA,NOP,51,18.0,24.1,3.4,8.7,0.391,1.9,5.3,0.364,1.5,3.4,0.431,0.501,0.9,1.1,0.81,0.5,1.9,2.4,4.6,1.4,0.3,1.3,1.7,9.6,jose alvarado,3.583
32243.0,2025,4850.0,Josh Green,0.0,SG,24.0,5.0,NBA,CHO,67,66.0,28.0,2.7,6.2,0.429,1.4,3.7,0.39,1.2,2.6,0.485,0.544,0.7,1.1,0.681,0.8,1.7,2.6,1.6,1.1,0.2,1.0,2.5,7.5,josh green,2.937
32244.0,2025,4525.0,Josh Hart,0.0,SG,29.0,8.0,NBA,NYK,71,71.0,37.7,5.3,10.0,0.531,1.1,3.3,0.332,4.2,6.7,0.628,0.585,2.1,2.7,0.778,2.1,7.5,9.7,5.8,1.5,0.4,2.0,2.6,13.8,josh hart,5.736
32246.0,2025,4643.0,Josh Okogie,0.0,SG,26.0,7.0,NBA,TOT,34,3.0,15.5,2.4,5.1,0.462,0.7,2.0,0.368,1.6,3.1,0.524,0.535,1.3,1.7,0.746,1.2,1.7,2.9,0.8,1.3,0.4,0.8,1.2,6.7,josh okogie,2.409
32247.0,2025,4643.0,Josh Okogie,0.0,SG,26.0,7.0,NBA,PHO,25,1.0,14.0,2.2,4.6,0.491,0.6,1.7,0.381,1.6,2.9,0.556,0.561,0.9,1.3,0.688,1.3,1.6,2.9,0.6,0.8,0.4,0.6,1.1,6.0,josh okogie,2.171
32248.0,2025,4643.0,Josh Okogie,0.0,SG,26.0,7.0,NBA,CHO,9,2.0,19.4,2.7,6.6,0.407,1.0,2.9,0.346,1.7,3.7,0.455,0.483,2.4,3.0,0.815,1.0,2.0,3.0,1.3,2.4,0.6,1.1,1.4,8.8,josh okogie,3.096
32249.0,2025,4336.0,Josh Richardson,0.0,SG,31.0,10.0,NBA,MIA,8,0.0,18.8,1.4,4.8,0.289,0.8,2.8,0.273,0.6,2.0,0.313,0.368,0.5,0.5,1.0,0.8,0.8,1.5,1.5,1.0,0.1,1.0,2.1,4.0,josh richardson,1.759
32250.0,2025,3891.0,Jrue Holiday,0.0,PG,34.0,16.0,NBA,BOS,58,58.0,30.6,4.2,9.3,0.446,1.8,5.1,0.35,2.4,4.3,0.56,0.542,1.1,1.2,0.914,1.2,3.1,4.3,3.9,1.1,0.4,1.3,1.7,11.2,jrue holiday,4.244
32253.0,2025,5167.0,Julian Strawther,0.0,SG,22.0,2.0,NBA,DEN,61,4.0,22.1,3.4,7.7,0.434,1.5,4.3,0.357,1.8,3.4,0.531,0.534,1.1,1.3,0.829,0.3,1.9,2.2,1.3,0.6,0.2,0.9,2.4,9.4,julian strawther,3.075
32254.0,2025,4266.0,Julius Randle,0.0,PF,30.0,11.0,NBA,MIN,62,62.0,32.0,6.5,13.6,0.482,1.5,4.4,0.328,5.1,9.2,0.555,0.535,4.2,5.2,0.812,2.1,4.9,7.0,4.7,0.7,0.2,2.8,2.5,18.8,julius randle,6.12
32261.0,2025,4852.0,KJ Martin,0.0,PF,24.0,5.0,NBA,TOT,42,16.0,21.2,2.5,4.6,0.544,0.4,1.4,0.263,2.1,3.2,0.662,0.583,0.9,1.1,0.783,0.7,2.2,2.9,1.1,0.4,0.5,0.5,2.4,6.2,kj martin,2.444
32262.0,2025,4852.0,KJ Martin,0.0,PF,24.0,5.0,NBA,PHI,24,7.0,20.0,2.5,4.1,0.616,0.3,0.9,0.381,2.2,3.3,0.679,0.657,1.0,1.2,0.828,0.9,2.1,3.0,0.8,0.5,0.7,0.5,2.6,6.4,kj martin,2.458
32263.0,2025,4852.0,KJ Martin,0.0,SF,24.0,5.0,NBA,UTA,18,9.0,22.8,2.4,5.2,0.468,0.4,2.0,0.194,2.1,3.2,0.638,0.505,0.7,0.9,0.706,0.4,2.3,2.8,1.5,0.3,0.3,0.6,2.1,5.9,kj martin,2.422
32265.0,2025,4974.0,Kai Jones,0.0,C,24.0,3.0,NBA,TOT,36,6.0,11.0,1.9,2.4,0.791,0.0,0.1,0.25,1.9,2.3,0.817,0.797,0.6,0.8,0.75,0.9,2.0,2.9,0.6,0.3,0.6,0.4,1.1,4.4,kai jones,1.745
32267.0,2025,4974.0,Kai Jones,0.0,C,24.0,3.0,NBA,DAL,8,6.0,23.6,5.3,6.3,0.84,0.1,0.3,0.5,5.1,6.0,0.854,0.85,1.5,2.0,0.75,2.4,5.1,7.5,1.4,0.8,0.9,0.5,2.3,12.1,kai jones,4.423
32268.0,2025,4339.0,Karl-Anthony Towns,0.0,C,29.0,10.0,NBA,NYK,67,67.0,35.0,8.8,16.9,0.521,2.1,4.9,0.425,6.7,12.0,0.56,0.582,4.6,5.6,0.827,3.0,9.9,12.8,3.1,1.0,0.7,2.6,3.5,24.3,karl-anthony towns,7.908
32270.0,2025,4032.0,Kawhi Leonard,0.0,SF,33.0,13.0,NBA,LAC,31,31.0,31.1,8.0,16.3,0.488,2.0,5.1,0.392,6.0,11.2,0.532,0.549,2.6,3.2,0.8,1.0,4.9,5.8,3.0,1.5,0.5,2.0,1.5,20.5,kawhi leonard,6.379
32272.0,2025,5072.0,Keegan Murray,0.0,PF,24.0,3.0,NBA,SAC,72,72.0,34.7,4.8,10.8,0.447,2.1,5.9,0.349,2.8,5.0,0.563,0.542,0.8,1.0,0.829,2.0,4.8,6.7,1.4,0.8,0.9,0.8,2.6,12.6,keegan murray,4.693
32275.0,2025,4746.0,Keldon Johnson,0.0,SF,25.0,6.0,NBA,SAS,71,0.0,23.9,4.8,9.9,0.484,1.2,3.6,0.331,3.6,6.3,0.57,0.543,2.0,2.6,0.781,1.4,3.2,4.7,1.6,0.7,0.3,0.9,1.5,12.8,keldon johnson,4.191
32276.0,2025,4177.0,Kelly Olynyk,0.0,C,33.0,12.0,NBA,TOT,41,19.0,20.0,3.0,6.0,0.504,0.8,1.8,0.413,2.3,4.2,0.543,0.567,1.7,2.2,0.789,1.4,3.4,4.8,2.9,0.8,0.4,1.8,2.8,8.6,kelly olynyk,3.228
32277.0,2025,4177.0,Kelly Olynyk,0.0,C,33.0,12.0,NBA,TOR,24,2.0,16.0,2.5,4.9,0.5,0.8,1.8,0.442,1.7,3.1,0.533,0.581,1.4,1.8,0.791,1.0,2.7,3.7,2.3,0.7,0.3,1.5,2.5,7.1,kelly olynyk,2.624
32278.0,2025,4177.0,Kelly Olynyk,0.0,C,33.0,12.0,NBA,NOP,17,17.0,25.8,3.9,7.6,0.508,0.7,1.9,0.375,3.2,5.8,0.551,0.554,2.2,2.8,0.787,1.9,4.5,6.4,3.8,0.9,0.5,2.2,3.3,10.6,kelly olynyk,4.076
32280.0,2025,4646.0,Kenrich Williams,0.0,PF,30.0,7.0,NBA,OKC,62,5.0,15.8,2.3,4.8,0.486,1.0,2.4,0.405,1.4,2.4,0.568,0.588,0.4,0.5,0.806,0.9,2.5,3.4,1.4,0.6,0.1,0.5,1.6,6.0,kenrich williams,2.32
32281.0,2025,4178.0,Kentavious Caldwell-Pope,0.0,SG,31.0,12.0,NBA,ORL,72,72.0,30.1,3.1,7.2,0.43,1.4,4.3,0.33,1.7,2.9,0.58,0.529,1.0,1.2,0.86,0.5,1.8,2.2,1.7,1.3,0.5,0.8,1.9,8.6,kentavious caldwell-pope,3.274
32285.0,2025,4977.0,Kessler Edwards,0.0,SF,24.0,4.0,NBA,DAL,40,18.0,15.2,1.7,3.4,0.496,0.6,1.4,0.407,1.1,2.0,0.556,0.578,0.3,0.3,0.923,0.6,2.3,2.9,1.1,0.5,0.5,0.4,1.6,4.2,kessler edwards,1.859
32286.0,2025,3770.0,Kevin Durant,0.0,PF,36.0,17.0,NBA,PHO,62,62.0,36.5,9.5,18.1,0.527,2.6,6.0,0.43,7.0,12.1,0.574,0.598,4.9,5.8,0.839,0.4,5.7,6.0,4.2,0.8,1.2,3.1,1.7,26.6,kevin durant,7.904
32287.0,2025,4647.0,Kevin Huerter,0.0,SG,26.0,7.0,NBA,TOT,63,25.0,23.8,3.6,8.6,0.414,1.8,5.6,0.323,1.7,3.0,0.585,0.519,0.5,0.7,0.723,0.5,2.6,3.0,2.2,1.0,0.3,1.0,1.7,9.5,kevin huerter,3.372
32288.0,2025,4647.0,Kevin Huerter,0.0,SG,26.0,7.0,NBA,SAC,43,15.0,20.9,3.0,7.2,0.413,1.4,4.8,0.302,1.5,2.4,0.629,0.513,0.5,0.7,0.714,0.4,2.3,2.8,1.7,0.8,0.4,0.9,1.6,7.9,kevin huerter,2.857
32289.0,2025,4647.0,Kevin Huerter,0.0,SG,26.0,7.0,NBA,CHI,20,10.0,30.0,4.8,11.6,0.416,2.6,7.4,0.351,2.2,4.2,0.53,0.528,0.7,1.0,0.737,0.5,3.0,3.5,3.1,1.3,0.3,1.3,1.9,12.9,kevin huerter,4.439
32291.0,2025,3830.0,Kevin Love,0.0,PF,36.0,17.0,NBA,MIA,23,9.0,10.9,1.8,5.0,0.357,1.0,2.9,0.358,0.7,2.1,0.354,0.461,0.7,1.0,0.696,1.0,3.1,4.1,1.0,0.7,0.2,0.6,0.9,5.3,kevin love,2.049
32296.0,2025,4342.0,Kevon Looney,0.0,C,28.0,10.0,NBA,GSW,68,6.0,15.1,2.0,3.8,0.514,0.0,0.1,0.25,1.9,3.8,0.518,0.515,0.7,1.3,0.551,2.5,3.7,6.3,1.6,0.6,0.5,0.5,2.1,4.6,kevon looney,2.322
32298.0,2025,4107.0,Khris Middleton,0.0,SF,33.0,13.0,NBA,TOT,37,21.0,22.8,4.3,9.1,0.475,1.3,3.6,0.361,3.0,5.5,0.549,0.546,1.9,2.3,0.857,0.4,3.4,3.7,4.1,0.9,0.2,1.5,2.0,11.9,khris middleton,4.073
32299.0,2025,4107.0,Khris Middleton,0.0,SF,33.0,13.0,NBA,MIL,23,7.0,23.2,4.7,9.2,0.512,1.5,3.7,0.407,3.2,5.4,0.584,0.595,1.7,2.0,0.848,0.2,3.5,3.7,4.4,0.7,0.2,1.6,2.3,12.6,khris middleton,4.249
32300.0,2025,4107.0,Khris Middleton,0.0,SF,33.0,13.0,NBA,WAS,14,14.0,22.1,3.7,9.0,0.413,0.9,3.4,0.277,2.8,5.6,0.494,0.464,2.4,2.7,0.868,0.6,3.1,3.7,3.4,1.3,0.2,1.4,1.6,10.7,khris middleton,3.746
32301.0,2025,4855.0,Killian Hayes,0.0,PG,23.0,5.0,NBA,BRK,6,5.0,27.0,3.0,7.2,0.419,1.3,3.5,0.381,1.7,3.7,0.455,0.512,1.7,2.0,0.833,0.8,2.2,3.0,5.2,0.7,0.7,1.5,2.2,9.0,killian hayes,3.603
32302.0,2025,4036.0,Klay Thompson,0.0,SF,34.0,12.0,NBA,DAL,67,67.0,27.6,5.1,12.5,0.411,3.0,7.8,0.39,2.1,4.7,0.446,0.533,1.0,1.1,0.905,0.7,2.9,3.6,2.1,0.7,0.4,1.3,1.2,14.3,klay thompson,4.547
32304.0,2025,5172.0,Kobe Bufkin,0.0,SG,21.0,2.0,NBA,ATL,10,0.0,12.4,1.8,4.7,0.383,0.4,1.9,0.211,1.4,2.8,0.5,0.426,1.3,1.8,0.722,0.5,1.6,2.1,1.7,0.3,0.2,0.8,0.9,5.3,kobe bufkin,1.913
32305.0,2025,4420.0,Kris Dunn,0.0,PG,30.0,9.0,NBA,LAC,67,51.0,23.9,2.6,6.0,0.428,1.0,3.0,0.314,1.6,2.9,0.546,0.508,0.2,0.3,0.682,0.8,2.7,3.5,2.9,1.7,0.4,1.0,2.7,6.3,kris dunn,2.846
32306.0,2025,5173.0,Kris Murray,0.0,SF,24.0,2.0,NBA,POR,62,4.0,14.0,1.6,3.7,0.432,0.4,1.5,0.242,1.2,2.1,0.568,0.482,0.3,0.7,0.413,1.0,1.4,2.4,0.8,0.5,0.2,0.5,0.9,3.8,kris murray,1.631
32308.0,2025,4271.0,Kyle Anderson,0.0,PF,31.0,11.0,NBA,TOT,54,4.0,15.3,2.1,4.6,0.462,0.4,1.2,0.369,1.7,3.4,0.495,0.51,0.7,1.0,0.712,0.8,2.3,3.1,2.3,0.6,0.4,0.6,1.2,5.4,kyle anderson,2.254
32309.0,2025,4271.0,Kyle Anderson,0.0,PF,31.0,11.0,NBA,GSW,36,3.0,15.0,2.1,4.7,0.45,0.5,1.4,0.365,1.6,3.3,0.487,0.506,0.5,0.8,0.667,0.8,2.3,3.1,2.3,0.7,0.6,0.6,1.1,5.3,kyle anderson,2.248
32310.0,2025,4271.0,Kyle Anderson,0.0,SF,31.0,11.0,NBA,MIA,18,1.0,15.9,2.2,4.4,0.488,0.3,0.7,0.385,1.9,3.7,0.507,0.519,1.1,1.4,0.76,1.0,2.3,3.3,2.3,0.5,0.2,0.7,1.5,5.7,kyle anderson,2.326
32312.0,2025,4534.0,Kyle Kuzma,0.0,PF,29.0,8.0,NBA,TOT,57,54.0,30.3,5.7,13.4,0.424,1.4,4.9,0.289,4.3,8.6,0.501,0.477,2.1,3.3,0.644,0.8,5.2,6.1,2.4,0.5,0.2,2.2,1.8,14.9,kyle kuzma,4.954
32313.0,2025,4534.0,Kyle Kuzma,0.0,PF,29.0,8.0,NBA,WAS,32,30.0,27.7,6.0,14.2,0.42,1.4,5.0,0.281,4.6,9.2,0.495,0.469,1.8,3.1,0.602,0.8,4.9,5.8,2.5,0.6,0.2,2.3,1.6,15.2,kyle kuzma,4.936
32314.0,2025,4534.0,Kyle Kuzma,0.0,PF,29.0,8.0,NBA,MIL,25,24.0,33.5,5.4,12.4,0.431,1.4,4.7,0.299,4.0,7.8,0.51,0.487,2.5,3.6,0.689,0.8,5.6,6.4,2.2,0.4,0.2,2.2,2.0,14.6,kyle kuzma,4.977
32315.0,2025,3685.0,Kyle Lowry,0.0,PG,38.0,19.0,NBA,PHI,33,12.0,18.9,1.2,3.4,0.351,0.8,2.5,0.337,0.3,0.8,0.393,0.477,0.8,1.0,0.818,0.3,1.6,2.0,2.8,0.9,0.3,0.6,1.8,4.0,kyle lowry,1.97
32317.0,2025,4037.0,Kyrie Irving,0.0,SG,32.0,14.0,NBA,DAL,50,50.0,36.1,8.9,18.9,0.473,2.9,7.2,0.401,6.1,11.7,0.517,0.549,3.9,4.3,0.916,1.2,3.6,4.8,4.6,1.3,0.5,2.2,2.0,24.7,kyrie irving,7.432
32319.0,2025,4858.0,LaMelo Ball,0.0,PG,23.0,5.0,NBA,CHO,47,47.0,32.0,8.6,21.3,0.405,3.8,11.2,0.339,4.8,10.1,0.478,0.494,4.1,4.9,0.843,1.0,3.9,4.9,7.4,1.1,0.3,3.6,3.3,25.2,lamelo ball,7.536
32321.0,2025,4651.0,Landry Shamet,0.0,SG,27.0,7.0,NBA,NYK,42,0.0,13.7,1.7,3.9,0.451,0.8,2.4,0.35,0.9,1.5,0.613,0.559,0.2,0.3,0.538,0.2,0.9,1.1,0.5,0.5,0.0,0.4,1.0,4.5,landry shamet,1.605
32322.0,2025,4345.0,Larry Nance Jr.,0.0,PF,32.0,10.0,NBA,ATL,24,3.0,19.3,3.3,6.5,0.516,1.4,3.2,0.447,1.9,3.3,0.582,0.626,0.4,0.5,0.692,1.0,3.3,4.3,1.6,0.8,0.5,0.7,1.5,8.5,larry nance jr.,3.124
32323.0,2025,4535.0,Lauri Markkanen,0.0,PF,27.0,8.0,NBA,UTA,47,47.0,31.4,6.3,14.9,0.423,2.9,8.5,0.346,3.4,6.4,0.525,0.521,3.4,3.9,0.876,1.5,4.4,5.9,1.5,0.7,0.4,1.4,1.7,19.0,lauri markkanen,5.813
32324.0,2025,3462.0,LeBron James,0.0,SF,40.0,22.0,NBA,LAL,64,64.0,35.1,9.3,18.3,0.51,2.1,5.7,0.374,7.2,12.6,0.572,0.569,3.6,4.6,0.771,1.0,7.1,8.1,8.4,1.0,0.6,3.8,1.4,24.4,lebron james,7.972
32334.0,2025,4537.0,Lonzo Ball,0.0,PG,27.0,6.0,NBA,CHI,35,14.0,22.2,2.5,6.9,0.366,1.9,5.6,0.344,0.6,1.4,0.458,0.504,0.6,0.8,0.815,0.7,2.7,3.4,3.3,1.3,0.5,1.2,1.6,7.6,lonzo ball,3.062
32335.0,2025,4754.0,Luguentz Dort,0.0,SF,25.0,6.0,NBA,OKC,67,67.0,29.2,3.6,8.3,0.436,2.4,5.7,0.41,1.3,2.6,0.494,0.578,0.5,0.7,0.75,1.3,2.8,4.1,1.6,1.1,0.6,0.7,2.9,10.1,luguentz dort,3.731
32340.0,2025,4538.0,Luke Kennard,0.0,SG,28.0,8.0,NBA,MEM,60,11.0,22.8,3.3,6.8,0.483,1.8,4.1,0.441,1.5,2.7,0.546,0.616,0.8,0.9,0.891,0.6,2.2,2.8,3.4,0.8,0.1,1.2,0.9,9.2,luke kennard,3.35
32341.0,2025,4539.0,Luke Kornet,0.0,C,29.0,8.0,NBA,BOS,66,12.0,18.3,2.3,3.5,0.675,0.0,0.0,0.0,2.3,3.4,0.681,0.675,0.9,1.3,0.694,2.4,2.8,5.2,1.6,0.5,1.0,0.4,1.6,5.6,luke kornet,2.565
32344.0,2025,4860.0,Malachi Flynn,0.0,PG,26.0,5.0,NBA,CHO,4,0.0,11.0,1.3,3.3,0.385,0.3,1.0,0.25,1.0,2.3,0.444,0.423,1.3,1.5,0.833,0.8,1.0,1.8,1.8,0.8,0.0,1.0,1.0,4.0,malachi flynn,1.581
32346.0,2025,4423.0,Malcolm Brogdon,0.0,PG,32.0,9.0,NBA,WAS,24,13.0,23.5,4.3,10.0,0.433,0.7,2.3,0.286,3.7,7.7,0.478,0.467,3.4,3.8,0.88,0.9,2.9,3.8,4.1,0.5,0.2,1.6,1.3,12.7,malcolm brogdon,4.229
32348.0,2025,4425.0,Malik Beasley,0.0,SG,28.0,9.0,NBA,DET,75,17.0,27.8,5.6,12.9,0.436,3.9,9.2,0.423,1.7,3.7,0.471,0.587,1.2,1.7,0.679,0.6,2.1,2.7,1.7,0.9,0.1,1.1,1.6,16.3,malik beasley,4.851
32349.0,2025,4541.0,Malik Monk,0.0,SG,26.0,8.0,NBA,SAC,61,45.0,32.3,6.5,14.8,0.442,2.2,6.7,0.328,4.3,8.1,0.536,0.516,2.4,2.8,0.863,0.5,3.3,3.8,5.8,1.0,0.6,2.5,2.5,17.7,malik monk,5.767
32356.0,2025,5178.0,Marcus Sasser,0.0,PG,24.0,2.0,NBA,DET,53,0.0,13.6,2.3,4.9,0.469,1.0,2.6,0.391,1.3,2.3,0.558,0.574,0.7,0.8,0.837,0.3,0.9,1.2,2.2,0.6,0.1,0.9,1.2,6.3,marcus sasser,2.156
32357.0,2025,4275.0,Marcus Smart,0.0,PG,30.0,11.0,NBA,TOT,33,6.0,19.9,2.9,7.6,0.388,1.4,4.2,0.343,1.5,3.4,0.442,0.482,1.6,2.1,0.754,0.5,1.5,2.1,3.3,1.2,0.3,1.6,1.6,8.9,marcus smart,3.096
32358.0,2025,4275.0,Marcus Smart,0.0,PG,30.0,11.0,NBA,MEM,19,6.0,21.1,2.8,7.8,0.358,1.5,4.7,0.322,1.3,3.1,0.414,0.456,1.6,1.9,0.833,0.7,1.5,2.3,3.7,1.2,0.3,1.8,1.6,8.7,marcus smart,3.131
32359.0,2025,4275.0,Marcus Smart,0.0,PG,30.0,11.0,NBA,WAS,14,0.0,18.3,3.1,7.3,0.431,1.3,3.4,0.383,1.9,3.9,0.473,0.52,1.6,2.4,0.667,0.3,1.6,1.9,2.7,1.1,0.2,1.3,1.6,9.1,marcus smart,3.029
32360.0,2025,5081.0,Mark Williams,0.0,C,23.0,3.0,NBA,CHO,40,37.0,26.3,6.2,10.1,0.612,0.0,0.0,0.0,6.2,10.1,0.614,0.612,3.0,3.7,0.804,3.1,7.1,10.2,2.6,0.7,1.3,1.4,2.4,15.4,mark williams,5.517
32364.0,2025,4044.0,Markieff Morris,0.0,PF,35.0,14.0,NBA,LAL,7,1.0,13.0,1.6,5.4,0.289,0.9,2.9,0.3,0.7,2.6,0.278,0.368,0.7,0.9,0.833,0.4,1.1,1.6,1.6,0.0,0.1,0.1,1.4,4.7,markieff morris,1.738
32369.0,2025,4180.0,Mason Plumlee,0.0,C,34.0,12.0,NBA,PHO,70,20.0,17.5,1.7,2.8,0.613,0.0,0.0,0.0,1.7,2.7,0.623,0.613,1.1,1.7,0.655,1.6,4.6,6.2,1.8,0.4,0.6,0.8,2.1,4.5,mason plumlee,2.337
32371.0,2025,4760.0,Matisse Thybulle,0.0,SG,27.0,6.0,NBA,POR,8,0.0,15.1,2.3,4.6,0.486,1.3,2.9,0.435,1.0,1.8,0.571,0.622,0.3,0.5,0.5,0.6,2.4,3.0,1.3,2.0,0.5,0.6,0.4,6.0,matisse thybulle,2.409
32376.0,2025,4763.0,Max Strus,0.0,SF,28.0,6.0,NBA,CLE,45,32.0,25.1,3.3,7.4,0.439,2.2,5.8,0.383,1.0,1.6,0.635,0.588,0.6,0.7,0.844,1.0,3.2,4.2,3.1,0.6,0.2,1.0,2.1,9.4,max strus,3.542
32377.0,2025,4547.0,Maxi Kleber,0.0,PF,33.0,8.0,NBA,DAL,34,4.0,18.7,1.1,2.8,0.385,0.4,1.4,0.265,0.7,1.4,0.511,0.453,0.5,0.6,0.762,0.7,2.1,2.8,1.3,0.3,0.5,0.7,1.9,3.0,maxi kleber,1.648
32380.0,2025,5181.0,Maxwell Lewis,0.0,SF,22.0,2.0,NBA,BRK,16,0.0,12.4,1.7,3.9,0.429,0.9,2.0,0.469,0.8,1.9,0.387,0.548,0.3,0.5,0.625,0.7,1.4,2.1,0.7,0.4,0.3,0.4,1.0,4.6,maxwell lewis,1.724
32383.0,2025,4657.0,Mikal Bridges,0.0,SF,28.0,7.0,NBA,NYK,74,74.0,37.6,7.4,14.8,0.499,2.1,5.9,0.352,5.3,8.9,0.596,0.569,1.1,1.4,0.8,0.9,2.4,3.2,3.7,1.0,0.5,1.6,1.5,18.0,mikal bridges,5.836
32384.0,2025,3779.0,Mike Conley,0.0,PG,37.0,18.0,NBA,MIN,64,57.0,24.8,2.7,6.6,0.409,1.9,4.4,0.422,0.9,2.2,0.385,0.549,1.2,1.3,0.895,0.5,2.1,2.6,4.4,1.2,0.2,1.1,1.5,8.5,mike conley,3.347
32385.0,2025,4658.0,Miles Bridges,0.0,PF,26.0,6.0,NBA,CHO,60,60.0,32.1,7.5,17.2,0.434,2.3,7.1,0.317,5.2,10.1,0.516,0.499,3.5,4.0,0.87,1.2,6.6,7.8,4.0,0.7,0.7,2.1,1.5,20.6,miles bridges,6.636
32388.0,2025,4660.0,Mitchell Robinson,0.0,C,26.0,7.0,NBA,NYK,13,1.0,16.0,2.0,2.9,0.684,0.0,0.0,0.0,2.0,2.9,0.684,0.684,0.5,0.8,0.636,2.7,2.8,5.5,0.7,0.8,0.9,0.6,1.4,4.5,mitchell robinson,2.211
32389.0,2025,4661.0,Mo Bamba,0.0,C,26.0,7.0,NBA,TOT,32,2.0,12.9,1.6,3.5,0.464,0.5,1.7,0.278,1.2,1.8,0.638,0.531,0.6,0.8,0.704,1.0,3.5,4.5,0.6,0.3,1.0,0.6,1.8,4.3,mo bamba,1.908
32390.0,2025,4661.0,Mo Bamba,0.0,C,26.0,7.0,NBA,LAC,28,2.0,12.6,1.7,3.7,0.466,0.5,1.8,0.3,1.2,1.9,0.623,0.539,0.6,0.9,0.68,0.9,3.4,4.3,0.6,0.3,1.0,0.7,1.8,4.6,mo bamba,1.94
32391.0,2025,4661.0,Mo Bamba,0.0,C,26.0,7.0,NBA,NOP,4,0.0,15.3,1.0,2.3,0.444,0.0,1.0,0.0,1.0,1.3,0.8,0.444,0.5,0.5,1.0,1.5,4.8,6.3,0.5,0.0,0.8,0.3,1.8,2.5,mo bamba,1.722
32392.0,2025,4551.0,Monte Morris,0.0,PG,29.0,8.0,NBA,PHO,43,0.0,12.6,1.8,4.3,0.416,0.7,1.9,0.346,1.1,2.4,0.471,0.492,0.8,1.0,0.857,0.3,1.2,1.4,1.6,0.5,0.1,0.4,0.5,5.1,monte morris,1.854
32393.0,2025,4662.0,Moritz Wagner,0.0,C,27.0,7.0,NBA,ORL,30,1.0,18.8,4.7,8.3,0.562,0.9,2.5,0.36,3.8,5.8,0.649,0.616,2.6,3.7,0.718,1.3,3.6,4.9,1.4,0.8,0.4,1.6,1.8,12.9,moritz wagner,4.03
32396.0,2025,4768.0,Moses Brown,0.0,C,25.0,6.0,NBA,DAL,4,2.0,18.3,5.3,7.3,0.724,0.0,0.0,0.0,5.3,7.3,0.724,0.724,1.3,1.5,0.833,2.0,5.8,7.8,0.5,1.0,0.8,1.3,2.8,11.8,moses brown,4.057
32397.0,2025,4992.0,Moses Moody,0.0,SG,22.0,4.0,NBA,GSW,66,26.0,21.8,3.4,7.8,0.441,1.7,4.6,0.374,1.7,3.2,0.538,0.552,1.5,1.9,0.798,0.7,1.8,2.5,1.3,0.7,0.4,0.7,1.5,10.1,moses moody,3.289
32398.0,2025,5183.0,Mouhamed Gueye,0.0,PF,22.0,2.0,NBA,ATL,25,21.0,16.0,2.2,5.3,0.414,0.6,2.7,0.239,1.6,2.6,0.591,0.474,0.9,1.2,0.759,1.0,2.5,3.5,0.8,0.8,1.0,0.4,1.6,5.9,mouhamed gueye,2.321
32400.0,2025,4350.0,Myles Turner,0.0,C,28.0,10.0,NBA,IND,66,66.0,30.4,5.4,11.2,0.48,2.2,5.4,0.401,3.2,5.8,0.553,0.576,2.5,3.2,0.777,1.2,5.4,6.6,1.6,0.8,1.9,1.7,2.6,15.4,myles turner,5.183
32403.0,2025,4865.0,Naji Marshall,0.0,SF,27.0,5.0,NBA,DAL,63,26.0,27.3,5.3,10.4,0.51,0.9,3.2,0.279,4.4,7.2,0.613,0.553,1.8,2.2,0.814,1.2,3.8,4.9,2.9,1.1,0.2,1.6,1.6,13.3,naji marshall,4.553
32404.0,2025,4771.0,Naz Reid,0.0,C,25.0,6.0,NBA,MIN,74,17.0,27.6,5.4,11.7,0.461,2.3,5.9,0.389,3.1,5.8,0.535,0.559,1.4,1.8,0.767,1.1,4.9,6.1,2.3,0.8,0.9,1.3,2.4,14.4,naz reid,4.872
32407.0,2025,4869.0,Nick Richards,0.0,C,27.0,5.0,NBA,TOT,53,40.0,22.0,3.7,6.2,0.593,0.0,0.0,0.0,3.7,6.2,0.596,0.593,2.1,2.9,0.739,2.6,5.7,8.2,0.9,0.2,1.0,1.5,2.5,9.5,nick richards,3.646
32408.0,2025,4869.0,Nick Richards,0.0,C,27.0,5.0,NBA,CHO,21,9.0,21.0,3.0,5.4,0.561,0.0,0.0,0.0,3.0,5.4,0.566,0.561,2.8,4.1,0.678,2.4,5.1,7.5,1.3,0.3,1.2,1.6,2.3,8.9,nick richards,3.445
32409.0,2025,4869.0,Nick Richards,0.0,C,27.0,5.0,NBA,PHO,32,31.0,22.7,4.1,6.7,0.609,0.0,0.0,0.0,4.1,6.7,0.612,0.609,1.7,2.1,0.818,2.7,6.1,8.7,0.6,0.2,0.8,1.4,2.6,9.9,nick richards,3.778
32411.0,2025,4773.0,Nickeil Alexander-Walker,0.0,SG,26.0,6.0,NBA,MIN,75,10.0,25.0,3.3,7.5,0.438,1.7,4.4,0.387,1.5,3.0,0.511,0.553,1.0,1.3,0.781,0.6,2.5,3.1,2.5,0.6,0.4,1.2,1.7,9.3,nickeil alexander-walker,3.359
32412.0,2025,3841.0,Nicolas Batum,0.0,PF,36.0,17.0,NBA,LAC,73,8.0,17.8,1.3,3.0,0.423,1.1,2.5,0.419,0.2,0.5,0.441,0.6,0.2,0.3,0.8,0.6,2.2,2.8,1.1,0.7,0.5,0.4,1.5,3.8,nicolas batum,1.841
32417.0,2025,4353.0,Norman Powell,0.0,SG,31.0,10.0,NBA,LAC,54,54.0,32.4,7.9,16.1,0.49,3.1,7.4,0.426,4.7,8.7,0.545,0.588,3.7,4.6,0.814,0.4,2.9,3.3,2.2,1.3,0.2,1.9,1.9,22.6,norman powell,6.463
32418.0,2025,4555.0,OG Anunoby,0.0,PF,27.0,8.0,NBA,NYK,68,68.0,36.6,6.5,13.7,0.474,2.3,6.1,0.369,4.2,7.5,0.559,0.557,2.4,2.9,0.82,1.3,3.5,4.8,2.1,1.5,0.9,1.3,2.3,17.6,og anunoby,5.747
32419.0,2025,4871.0,Obi Toppin,0.0,PF,26.0,5.0,NBA,IND,72,1.0,19.6,4.0,7.5,0.541,1.4,3.7,0.372,2.7,3.7,0.71,0.634,1.1,1.4,0.796,0.7,3.3,4.0,1.6,0.6,0.3,0.8,1.4,10.6,obi toppin,3.521
32420.0,2025,5086.0,Ochai Agbaji,0.0,SG,24.0,3.0,NBA,TOR,60,42.0,26.9,4.0,8.0,0.496,1.5,3.8,0.389,2.5,4.3,0.59,0.587,0.6,0.8,0.702,0.9,2.9,3.8,1.6,0.8,0.5,0.8,1.9,10.0,ochai agbaji,3.618
32421.0,2025,5188.0,Olivier-Maxence Prosper,0.0,PF,22.0,2.0,NBA,DAL,52,4.0,11.2,1.3,3.3,0.402,0.2,1.0,0.235,1.1,2.4,0.472,0.437,0.9,1.5,0.645,0.8,1.6,2.4,0.8,0.5,0.1,0.3,0.5,3.9,olivier-maxence prosper,1.562
32422.0,2025,4872.0,Onyeka Okongwu,0.0,C,24.0,5.0,NBA,ATL,67,33.0,27.2,5.2,9.1,0.571,0.6,1.8,0.328,4.6,7.3,0.632,0.604,2.1,2.8,0.754,3.0,5.7,8.7,2.3,0.9,0.9,1.1,2.5,13.1,onyeka okongwu,4.875
32423.0,2025,5087.0,Orlando Robinson,0.0,C,24.0,3.0,NBA,TOT,39,6.0,16.7,2.5,5.5,0.447,0.3,0.9,0.333,2.2,4.6,0.469,0.474,1.2,1.5,0.783,1.9,3.0,4.9,1.7,0.4,0.4,1.1,2.1,6.4,orlando robinson,2.569
32425.0,2025,5087.0,Orlando Robinson,0.0,C,24.0,3.0,NBA,TOR,30,6.0,19.8,3.0,6.6,0.449,0.4,1.0,0.355,2.6,5.6,0.467,0.477,1.4,1.8,0.811,2.3,3.5,5.9,1.9,0.4,0.5,1.2,2.5,7.7,orlando robinson,3.059
32427.0,2025,4777.0,Oshae Brissett,0.0,SF,26.0,6.0,NBA,PHI,6,2.0,23.7,3.2,6.5,0.487,1.0,3.0,0.333,2.2,3.5,0.619,0.564,1.3,2.3,0.571,1.2,2.5,3.7,0.7,0.7,0.5,1.3,2.3,8.7,oshae brissett,3.072
32429.0,2025,5088.0,Ousmane Dieng,0.0,C,21.0,3.0,NBA,OKC,37,1.0,10.9,1.5,3.4,0.432,0.6,1.9,0.324,0.8,1.5,0.574,0.524,0.3,0.4,0.688,0.5,1.7,2.2,0.8,0.5,0.2,0.5,0.9,3.8,ousmane dieng,1.518
32435.0,2025,5089.0,Paolo Banchero,0.0,PF,22.0,3.0,NBA,ORL,42,42.0,34.4,8.9,19.6,0.453,1.9,6.0,0.319,7.0,13.7,0.512,0.502,6.1,8.5,0.723,1.1,6.1,7.2,4.7,0.8,0.6,2.9,2.1,25.9,paolo banchero,7.788
32436.0,2025,4436.0,Pascal Siakam,0.0,PF,30.0,9.0,NBA,IND,74,74.0,32.7,7.9,15.2,0.52,1.6,4.2,0.387,6.2,10.9,0.571,0.574,3.0,4.0,0.743,1.7,5.2,6.9,3.4,0.9,0.5,1.4,2.5,20.4,pascal siakam,6.519
32437.0,2025,4354.0,Pat Connaughton,0.0,SG,32.0,10.0,NBA,MIL,36,0.0,14.1,1.6,3.6,0.435,0.6,1.8,0.308,1.0,1.8,0.561,0.511,0.4,0.5,0.789,0.5,2.1,2.6,1.7,0.2,0.3,0.6,1.0,4.1,pat connaughton,1.783
32440.0,2025,4873.0,Patrick Williams,0.0,PF,23.0,5.0,NBA,CHI,56,35.0,25.4,3.2,8.3,0.385,1.5,4.4,0.348,1.7,3.9,0.427,0.477,1.0,1.4,0.718,0.7,3.1,3.8,2.0,0.7,0.6,1.3,1.4,8.9,patrick williams,3.322
32444.0,2025,3968.0,Paul George,0.0,PF,34.0,15.0,NBA,PHI,41,41.0,32.5,6.0,13.9,0.43,2.3,6.5,0.358,3.6,7.4,0.493,0.514,1.9,2.4,0.814,0.6,4.8,5.3,4.3,1.8,0.5,2.6,2.5,16.2,paul george,5.503
32446.0,2025,4875.0,Payton Pritchard,0.0,PG,27.0,5.0,NBA,BOS,73,1.0,28.3,4.9,10.6,0.465,3.3,7.9,0.411,1.7,2.7,0.622,0.618,0.9,1.1,0.838,1.3,2.5,3.8,3.3,0.9,0.2,1.0,1.5,14.0,payton pritchard,4.657
32451.0,2025,5091.0,Peyton Watson,0.0,SF,22.0,3.0,NBA,DEN,62,16.0,24.1,3.0,6.3,0.482,0.7,2.0,0.371,2.3,4.3,0.534,0.541,1.4,2.1,0.695,0.7,2.7,3.4,1.5,0.8,1.3,0.8,1.8,8.3,peyton watson,3.15
32453.0,2025,4876.0,Precious Achiuwa,0.0,C,25.0,5.0,NBA,NYK,51,8.0,19.8,2.7,5.2,0.529,0.2,0.6,0.281,2.5,4.5,0.563,0.546,0.7,1.1,0.603,1.8,3.5,5.4,0.9,0.8,0.6,0.8,1.3,6.3,precious achiuwa,2.702
32460.0,2025,4781.0,RJ Barrett,0.0,SF,24.0,6.0,NBA,TOR,55,55.0,32.7,8.1,17.0,0.473,1.9,5.3,0.359,6.2,11.8,0.524,0.528,3.5,5.4,0.639,1.0,5.4,6.4,5.6,0.8,0.3,3.0,2.5,21.5,rj barrett,6.796
32467.0,2025,4050.0,Reggie Jackson,0.0,PG,34.0,14.0,NBA,PHI,31,1.0,12.4,1.7,4.3,0.391,0.8,2.4,0.338,0.9,1.9,0.458,0.485,0.2,0.3,0.778,0.3,1.1,1.4,1.5,0.5,0.1,0.5,1.1,4.4,reggie jackson,1.67
32468.0,2025,4359.0,Richaun Holmes,0.0,PF,31.0,10.0,NBA,WAS,30,7.0,17.7,3.0,4.6,0.645,0.0,0.1,0.0,3.0,4.5,0.659,0.645,1.7,2.0,0.833,2.1,3.8,5.9,1.4,0.3,0.8,0.7,1.6,7.6,richaun holmes,2.982
32472.0,2025,4666.0,Robert Williams,0.0,C,27.0,7.0,NBA,POR,20,3.0,17.6,2.5,3.9,0.641,0.1,0.2,0.333,2.5,3.8,0.653,0.647,0.8,0.9,0.882,1.8,4.2,5.9,1.1,0.7,1.7,0.9,1.6,5.8,robert williams,2.67
32475.0,2025,4199.0,Rudy Gobert,0.0,C,32.0,12.0,NBA,MIN,65,65.0,32.8,4.4,6.7,0.656,0.0,0.0,0.0,4.4,6.7,0.656,0.656,2.4,3.6,0.684,3.6,7.0,10.6,1.8,0.8,1.4,1.3,2.4,11.2,rudy gobert,4.766
32476.0,2025,4784.0,Rui Hachimura,0.0,PF,26.0,6.0,NBA,LAL,55,53.0,31.5,4.9,9.7,0.505,1.7,4.1,0.412,3.2,5.6,0.573,0.592,1.4,1.9,0.765,1.3,3.7,5.0,1.4,0.8,0.5,0.8,1.7,12.9,rui hachimura,4.487
32477.0,2025,3849.0,Russell Westbrook,0.0,PG,36.0,17.0,NBA,DEN,68,35.0,28.0,5.0,11.0,0.454,1.3,3.9,0.335,3.7,7.1,0.519,0.513,1.9,3.0,0.639,1.4,3.5,5.0,6.2,1.4,0.5,3.3,2.6,13.2,russell westbrook,4.796
32479.0,2025,5095.0,Ryan Rollins,0.0,PG,22.0,3.0,NBA,MIL,49,13.0,13.4,2.1,4.4,0.475,0.8,2.0,0.381,1.3,2.4,0.55,0.56,0.6,0.8,0.811,0.4,1.4,1.8,1.6,0.7,0.3,0.8,1.5,5.6,ryan rollins,2.022
32480.0,2025,5003.0,Sam Hauser,0.0,PF,27.0,4.0,NBA,BOS,64,16.0,21.4,2.9,6.5,0.448,2.3,5.5,0.412,0.6,0.9,0.661,0.625,0.1,0.1,1.0,0.6,2.4,3.1,0.9,0.6,0.2,0.3,1.3,8.2,sam hauser,2.898
32481.0,2025,4883.0,Sam Merrill,0.0,SG,28.0,5.0,NBA,CLE,66,3.0,19.5,2.4,6.0,0.402,1.9,5.2,0.365,0.5,0.8,0.63,0.559,0.4,0.4,0.966,0.5,1.6,2.2,1.5,0.7,0.2,0.5,1.7,7.1,sam merrill,2.548
32484.0,2025,5196.0,Scoot Henderson,0.0,PG,20.0,2.0,NBA,POR,66,10.0,26.7,4.3,10.4,0.419,1.6,4.5,0.354,2.8,5.9,0.469,0.496,2.4,3.1,0.767,0.8,2.2,3.0,5.1,1.0,0.2,2.7,2.7,12.7,scoot henderson,4.295
32485.0,2025,5006.0,Scottie Barnes,0.0,PF,23.0,4.0,NBA,TOR,60,60.0,33.3,7.2,16.3,0.444,1.2,4.4,0.266,6.1,11.9,0.509,0.48,3.7,4.8,0.768,1.7,6.1,7.8,5.9,1.5,1.0,2.9,1.8,19.3,scottie barnes,6.616
32487.0,2025,4203.0,Seth Curry,0.0,SG,34.0,11.0,NBA,CHO,63,11.0,15.1,2.3,4.9,0.458,1.2,2.6,0.442,1.1,2.3,0.476,0.576,0.4,0.5,0.839,0.4,1.2,1.6,0.9,0.4,0.1,0.5,0.9,6.1,seth curry,2.088
32488.0,2025,5097.0,Shaedon Sharpe,0.0,SG,21.0,3.0,NBA,POR,67,47.0,31.0,6.7,14.8,0.452,2.0,6.3,0.308,4.7,8.5,0.56,0.518,2.4,3.1,0.79,1.0,3.3,4.3,2.6,0.8,0.2,2.0,1.7,17.8,shaedon sharpe,5.489
32489.0,2025,4669.0,Shai Gilgeous-Alexander,0.0,PG,26.0,7.0,NBA,OKC,72,72.0,34.2,11.3,21.7,0.522,2.1,5.7,0.375,9.2,16.0,0.574,0.571,8.1,8.9,0.901,0.9,4.1,5.0,6.4,1.7,1.0,2.5,2.2,32.8,shai gilgeous-alexander,9.362
32490.0,2025,4670.0,Shake Milton,0.0,SG,28.0,7.0,NBA,TOT,53,1.0,14.8,2.1,4.5,0.46,0.7,1.9,0.363,1.4,2.5,0.533,0.538,0.8,1.0,0.792,0.6,1.3,1.9,1.9,0.4,0.1,0.7,1.2,5.6,shake milton,2.076
32491.0,2025,4670.0,Shake Milton,0.0,SG,28.0,7.0,NBA,BRK,27,1.0,18.2,2.7,5.8,0.465,1.0,2.7,0.389,1.7,3.1,0.529,0.554,0.9,1.2,0.758,0.6,1.3,1.9,2.4,0.6,0.0,0.7,1.6,7.4,shake milton,2.621
32492.0,2025,4670.0,Shake Milton,0.0,SG,28.0,7.0,NBA,LAL,26,0.0,11.3,1.4,3.1,0.45,0.3,1.2,0.3,1.0,1.9,0.54,0.506,0.7,0.8,0.85,0.5,1.3,1.9,1.3,0.3,0.1,0.7,0.8,3.8,shake milton,1.508
32498.0,2025,4291.0,Spencer Dinwiddie,0.0,PG,31.0,11.0,NBA,DAL,74,27.0,26.7,3.6,8.6,0.423,1.4,4.1,0.337,2.3,4.5,0.502,0.503,2.4,3.0,0.796,0.2,2.4,2.6,4.3,0.9,0.2,1.2,1.5,11.1,spencer dinwiddie,3.925
32501.0,2025,3903.0,Stephen Curry,0.0,PG,36.0,16.0,NBA,GSW,62,62.0,32.1,7.9,17.7,0.444,4.4,11.1,0.393,3.5,6.6,0.529,0.567,3.9,4.2,0.927,0.5,3.8,4.3,6.0,1.1,0.4,2.9,1.4,24.0,stephen curry,7.157
32503.0,2025,4208.0,Steven Adams,0.0,C,31.0,11.0,NBA,HOU,55,2.0,13.4,1.5,2.8,0.545,0.0,0.0,0.0,1.5,2.8,0.553,0.545,0.8,1.7,0.462,2.8,2.6,5.5,1.2,0.4,0.5,1.0,1.0,3.8,steven adams,1.929
32506.0,2025,3905.0,Taj Gibson,0.0,C,39.0,16.0,NBA,CHO,31,11.0,11.0,1.3,2.5,0.5,0.0,0.1,0.5,1.2,2.5,0.5,0.506,0.4,0.5,0.688,1.4,1.9,3.3,0.5,0.3,0.5,0.7,1.5,2.9,taj gibson,1.407
32507.0,2025,4789.0,Talen Horton-Tucker,0.0,SG,24.0,6.0,NBA,CHI,51,0.0,11.2,2.0,4.6,0.446,0.7,2.0,0.36,1.3,2.6,0.511,0.524,0.8,1.2,0.677,0.3,1.4,1.7,1.3,0.4,0.2,0.7,1.0,5.6,talen horton-tucker,1.893
32508.0,2025,5100.0,Tari Eason,0.0,PF,23.0,3.0,NBA,HOU,52,14.0,25.3,4.8,9.8,0.489,1.1,3.3,0.349,3.7,6.6,0.558,0.547,1.5,1.9,0.788,2.3,4.2,6.4,1.4,1.8,0.8,1.2,2.5,12.3,tari eason,4.375
32509.0,2025,4449.0,Taurean Prince,0.0,SF,30.0,9.0,NBA,MIL,73,66.0,26.8,2.9,6.4,0.455,1.8,4.2,0.444,1.1,2.2,0.475,0.6,0.5,0.5,0.846,0.5,3.2,3.6,2.0,0.9,0.2,1.0,2.0,8.1,taurean prince,3.176
32510.0,2025,5199.0,Taylor Hendricks,0.0,PF,21.0,2.0,NBA,UTA,3,3.0,25.0,1.3,6.0,0.222,1.0,4.0,0.25,0.3,2.0,0.167,0.306,1.0,1.3,0.75,1.7,3.3,5.0,0.7,1.7,1.3,0.7,2.7,4.7,taylor hendricks,2.487
32512.0,2025,4791.0,Terance Mann,0.0,SG,28.0,6.0,NBA,TOT,59,12.0,20.8,3.0,6.0,0.497,0.9,2.4,0.378,2.1,3.6,0.578,0.573,0.6,0.9,0.661,1.0,1.9,2.9,1.8,0.6,0.3,0.7,1.9,7.5,terance mann,2.79
32513.0,2025,4791.0,Terance Mann,0.0,SG,28.0,6.0,NBA,LAC,37,12.0,19.8,2.4,5.3,0.446,0.7,2.0,0.347,1.6,3.2,0.508,0.513,0.6,0.9,0.719,0.9,2.0,2.9,1.6,0.8,0.3,0.7,1.8,6.0,terance mann,2.423
32514.0,2025,4791.0,Terance Mann,0.0,SG,28.0,6.0,NBA,ATL,22,0.0,22.5,4.0,7.2,0.56,1.3,3.1,0.412,2.8,4.1,0.67,0.648,0.6,1.1,0.583,1.1,1.7,2.9,2.2,0.5,0.2,0.8,2.1,10.0,terance mann,3.41
32516.0,2025,4366.0,Terry Rozier,0.0,PG,30.0,10.0,NBA,MIA,61,23.0,26.3,4.0,10.2,0.396,1.5,4.9,0.302,2.5,5.2,0.484,0.469,1.5,1.8,0.852,0.7,3.1,3.7,2.7,0.6,0.2,1.2,1.2,11.1,terry rozier,3.864
32518.0,2025,4568.0,Thomas Bryant,0.0,C,27.0,8.0,NBA,TOT,59,7.0,14.8,2.5,4.9,0.51,0.7,2.2,0.336,1.8,2.7,0.654,0.586,0.8,1.0,0.842,1.3,2.7,4.0,0.9,0.4,0.6,0.5,1.2,6.6,thomas bryant,2.455
32519.0,2025,4568.0,Thomas Bryant,0.0,C,27.0,8.0,NBA,MIA,10,0.0,11.5,1.2,2.8,0.429,0.6,1.7,0.353,0.6,1.1,0.545,0.536,1.1,1.1,1.0,0.6,2.6,3.2,0.4,0.1,0.9,0.2,0.9,4.1,thomas bryant,1.677
32520.0,2025,4568.0,Thomas Bryant,0.0,C,27.0,8.0,NBA,IND,49,7.0,15.4,2.8,5.3,0.519,0.8,2.3,0.333,2.0,3.0,0.662,0.592,0.8,0.9,0.804,1.4,2.7,4.1,1.0,0.5,0.5,0.5,1.2,7.1,thomas bryant,2.609
32522.0,2025,4209.0,Tim Hardaway Jr.,0.0,SG,32.0,12.0,NBA,DET,70,70.0,27.8,3.5,8.7,0.404,2.1,5.8,0.365,1.4,2.9,0.483,0.526,1.6,1.9,0.843,0.3,2.2,2.4,1.6,0.5,0.1,0.6,1.2,10.7,tim hardaway jr.,3.589
32523.0,2025,4055.0,Tobias Harris,0.0,PF,32.0,14.0,NBA,DET,69,69.0,32.1,5.3,11.2,0.472,1.2,3.7,0.336,4.1,7.6,0.538,0.527,2.0,2.3,0.867,0.9,5.1,6.1,2.2,1.0,0.8,1.1,1.8,13.8,tobias harris,4.902
32525.0,2025,4570.0,Torrey Craig,0.0,SF,34.0,8.0,NBA,TOT,21,2.0,10.5,1.7,3.5,0.479,1.1,2.6,0.418,0.6,0.9,0.667,0.637,0.4,0.6,0.667,1.0,1.3,2.2,0.4,0.2,0.3,0.1,1.3,4.8,torrey craig,1.687
32526.0,2025,4570.0,Torrey Craig,0.0,SF,34.0,8.0,NBA,CHI,9,1.0,12.6,2.4,5.0,0.489,1.7,3.9,0.429,0.8,1.1,0.7,0.656,0.3,0.4,0.75,0.9,1.9,2.8,0.6,0.2,0.1,0.0,1.7,6.9,torrey craig,2.267
32529.0,2025,5204.0,Toumani Camara,0.0,PF,24.0,2.0,NBA,POR,72,72.0,32.9,4.1,8.9,0.458,1.7,4.5,0.376,2.4,4.5,0.54,0.552,1.2,1.6,0.72,2.3,3.5,5.8,2.2,1.5,0.7,1.4,3.0,11.1,toumani camara,4.292
32530.0,2025,4675.0,Trae Young,0.0,PG,26.0,7.0,NBA,ATL,69,69.0,36.1,7.4,18.1,0.409,2.8,8.4,0.334,4.6,9.7,0.475,0.487,6.4,7.4,0.874,0.5,2.7,3.1,11.5,1.2,0.2,4.8,1.9,24.1,trae young,7.569
32531.0,2025,5205.0,Trayce Jackson-Davis,0.0,C,24.0,2.0,NBA,GSW,57,37.0,16.5,2.9,5.2,0.571,0.0,0.0,0.0,2.9,5.1,0.575,0.571,0.9,1.7,0.568,2.1,3.2,5.2,1.8,0.4,0.7,0.7,1.2,6.8,trayce jackson-davis,2.758
32532.0,2025,4887.0,Tre Jones,0.0,PG,25.0,5.0,NBA,TOT,46,9.0,19.7,2.8,5.2,0.538,0.4,1.0,0.396,2.4,4.1,0.574,0.578,1.2,1.5,0.821,0.7,1.8,2.5,4.2,0.8,0.2,0.8,1.2,7.2,tre jones,2.908
32533.0,2025,4887.0,Tre Jones,0.0,PG,25.0,5.0,NBA,SAS,28,0.0,16.1,1.6,3.3,0.484,0.3,0.9,0.308,1.3,2.4,0.552,0.527,0.9,1.2,0.758,0.5,1.5,2.1,3.7,0.6,0.2,0.8,1.2,4.4,tre jones,2.062
32534.0,2025,4887.0,Tre Jones,0.0,PG,25.0,5.0,NBA,CHI,18,9.0,25.3,4.6,8.1,0.572,0.6,1.2,0.5,4.0,6.8,0.585,0.61,1.7,1.9,0.882,0.9,2.3,3.2,4.9,1.1,0.3,0.8,1.2,11.5,tre jones,4.206
32538.0,2025,5015.0,Trevelin Queen,0.0,SG,27.0,4.0,NBA,ORL,29,2.0,13.6,1.6,4.6,0.351,0.6,2.4,0.246,1.0,2.2,0.462,0.414,0.5,0.6,0.882,0.8,0.8,1.6,1.2,1.0,0.3,0.8,1.3,4.3,trevelin queen,1.694
32543.0,2025,4369.0,Trey Lyles,0.0,PF,29.0,10.0,NBA,SAC,62,2.0,18.4,2.2,5.3,0.409,1.1,3.4,0.336,1.0,1.9,0.538,0.517,0.8,1.1,0.727,1.1,3.4,4.5,1.2,0.6,0.4,0.5,1.2,6.2,trey lyles,2.543
32551.0,2025,4794.0,Ty Jerome,0.0,SG,27.0,6.0,NBA,CLE,67,2.0,19.7,4.4,8.6,0.509,1.5,3.6,0.431,2.9,5.1,0.563,0.598,1.9,2.1,0.868,0.7,1.8,2.5,3.3,1.1,0.0,1.3,1.5,12.2,ty jerome,3.872
32553.0,2025,4796.0,Tyler Herro,0.0,SG,25.0,6.0,NBA,MIA,72,72.0,35.6,8.4,17.9,0.469,3.3,8.9,0.372,5.1,8.9,0.567,0.562,3.6,4.2,0.873,0.4,4.7,5.2,5.6,0.9,0.2,2.6,1.1,23.7,tyler herro,7.268
32556.0,2025,4892.0,Tyrese Haliburton,0.0,PG,24.0,5.0,NBA,IND,68,68.0,33.6,6.5,13.9,0.471,3.0,7.7,0.388,3.5,6.1,0.576,0.579,2.6,3.0,0.866,0.6,2.9,3.5,9.1,1.5,0.6,1.7,1.3,18.6,tyrese haliburton,6.403
32557.0,2025,5104.0,Tyrese Martin,0.0,SG,25.0,2.0,NBA,BRK,57,10.0,21.8,3.1,7.6,0.406,1.7,4.7,0.361,1.4,3.0,0.476,0.516,0.8,1.0,0.786,1.0,2.7,3.7,2.0,0.6,0.1,1.1,1.3,8.7,tyrese martin,3.132
32558.0,2025,4893.0,Tyrese Maxey,0.0,PG,24.0,5.0,NBA,PHI,52,52.0,37.7,9.2,21.0,0.437,3.1,9.2,0.337,6.1,11.8,0.515,0.511,4.9,5.6,0.879,0.3,3.1,3.3,6.1,1.8,0.4,2.4,2.2,26.3,tyrese maxey,7.829
32560.0,2025,4370.0,Tyus Jones,0.0,PG,28.0,10.0,NBA,PHO,74,57.0,27.5,3.8,8.5,0.447,2.1,5.0,0.414,1.7,3.5,0.492,0.568,0.7,0.7,0.891,0.5,1.9,2.4,5.5,0.8,0.1,1.2,0.8,10.3,tyus jones,3.904
32565.0,2025,5209.0,Victor Wembanyama,0.0,C,21.0,2.0,NBA,SAS,46,46.0,33.2,8.9,18.6,0.476,3.1,8.8,0.352,5.8,9.9,0.586,0.559,3.4,4.1,0.836,1.8,9.2,11.0,3.7,1.1,3.8,3.2,2.3,24.3,victor wembanyama,7.941
32567.0,2025,5019.0,Vit Krejci,0.0,PG,24.0,4.0,NBA,ATL,49,16.0,20.4,2.4,5.2,0.461,1.5,3.7,0.406,0.9,1.6,0.592,0.604,0.6,0.8,0.675,0.3,2.3,2.6,2.6,0.6,0.5,0.9,2.0,6.9,vit krejci,2.678
32569.0,2025,5106.0,Walker Kessler,0.0,C,23.0,3.0,NBA,UTA,57,57.0,30.1,4.8,7.2,0.667,0.1,0.6,0.182,4.7,6.6,0.71,0.675,1.4,2.6,0.531,4.6,7.6,12.2,1.7,0.6,2.4,1.5,2.2,11.1,walker kessler,4.893
32579.0,2025,4580.0,Zach Collins,0.0,PF,27.0,7.0,NBA,TOT,57,12.0,15.0,2.4,4.6,0.513,0.5,1.6,0.301,1.9,3.0,0.628,0.566,1.1,1.3,0.875,1.6,2.6,4.2,1.7,0.5,0.5,0.9,2.1,6.4,zach collins,2.473
32580.0,2025,4580.0,Zach Collins,0.0,C,27.0,7.0,NBA,SAS,36,4.0,11.8,1.7,3.7,0.462,0.4,1.3,0.304,1.3,2.4,0.547,0.515,0.9,1.0,0.886,1.1,1.8,2.8,1.4,0.4,0.4,0.6,1.9,4.6,zach collins,1.819
32581.0,2025,4580.0,Zach Collins,0.0,PF,27.0,7.0,NBA,CHI,21,8.0,20.6,3.6,6.3,0.564,0.7,2.2,0.298,2.9,4.1,0.709,0.617,1.5,1.8,0.865,2.5,4.2,6.7,2.1,0.6,0.6,1.3,2.4,9.3,zach collins,3.559
32583.0,2025,4299.0,Zach LaVine,0.0,SF,29.0,11.0,NBA,TOT,67,67.0,34.9,8.3,16.2,0.51,3.1,7.1,0.435,5.2,9.2,0.568,0.605,3.2,3.9,0.821,0.3,4.1,4.4,4.2,0.8,0.2,2.9,1.5,22.9,zach lavine,6.838
32584.0,2025,4299.0,Zach LaVine,0.0,SF,29.0,11.0,NBA,CHI,42,42.0,34.1,8.6,16.9,0.511,3.2,7.3,0.446,5.4,9.6,0.56,0.607,3.5,4.3,0.797,0.3,4.5,4.8,4.5,0.9,0.2,2.9,1.5,24.0,zach lavine,7.128
32585.0,2025,4299.0,Zach LaVine,0.0,SG,29.0,11.0,NBA,SAC,25,25.0,36.2,7.7,15.1,0.508,2.8,6.8,0.414,4.9,8.4,0.584,0.601,2.8,3.2,0.877,0.3,3.4,3.7,3.7,0.7,0.1,3.0,1.5,21.0,zach lavine,6.324
32586.0,2025,4898.0,Zeke Nnaji,0.0,PF,24.0,5.0,NBA,DEN,53,3.0,10.6,1.3,2.5,0.507,0.3,0.9,0.333,1.0,1.6,0.605,0.567,0.4,0.7,0.605,0.6,1.0,1.6,0.4,0.4,0.7,0.2,1.1,3.3,zeke nnaji,1.345
32588.0,2025,4803.0,Zion Williamson,0.0,PF,24.0,5.0,NBA,NOP,30,30.0,28.6,9.6,16.9,0.567,0.1,0.4,0.231,9.5,16.5,0.576,0.57,5.3,8.0,0.656,2.5,4.7,7.2,5.3,1.2,0.9,3.0,2.7,24.6,zion williamson,7.487
